date	hourly_earnings	hours_production_manufacturing	hours_production_private	overtime_hours_production	goods_producing_employees	women_to_all_goods	employees_mining_logging	hours_production_mining_logging	women_employees_mining_logging	women_to_all_mining_logging	employee_construction	hours_production_construction	women_to_all_durable_goods	hours_production_wholesale_trade	hours_production_transport_warehousing	hours_production_ultilites	hours_production_information	women_employees	hours_production_financial	hours_production_education_health	women_to_all_education_health	employees_federal	employees_federal_no_postal	employees_postal	employees_logging	hours_production_construction	black_unemployment	unemployment_rate	inflation	federal_funds_rate	percent_dif_unemploy
1972-02-01	5.43	40.4	36.9	3.2	17091	23.3	506	44	61	9.2	3350	37.2	20.6	39.9	40.7	41.2	37.2	931	36.4	33.3	75.8	2831	2106.4	723.2	63.1	36.1	11.2	5.7	3.27227824655283	3.3	96.49122807017542
1972-04-01	5.43	40.5	36.9	3.5	17274	23.3	490	44.1	61	9.2	3411	36.8	20.6	39.9	40.7	41.1	37.2	934	36.4	33.4	75.8	2822	2099.9	720.8	59.4	36.7	9.8	5.7	3.27227824655283	4.17	71.9298245614035
1972-06-01	5.42	40.6	36.9	3.4	17411	23.4	492	44	62	9.2	3444	36.9	20.7	39.7	41	40.9	37.3	937	36.4	33.2	75.3	2814	2106.1	706	75.7	37.5	10.2	5.7	3.27227824655283	4.46	78.94736842105262
1972-07-01	5.46	40.5	36.8	3.4	17287	23.4	487	44.1	62	9.3	3413	37	20.9	39.7	40.5	41.5	37.1	935	36.4	33.3	75.6	2787	2103	686.1	75.6	37.8	10.5	5.6	3.27227824655283	4.55	87.50000000000003
1972-08-01	5.53	40.6	36.8	3.4	17496	23.4	490	44.1	62	9.2	3444	37.1	20.7	39.7	40.8	41.2	37.3	938	36.3	33.1	75.6	2806	2115	686.6	76.1	38.1	10.6	5.6	3.27227824655283	4.81	89.2857142857143
1972-10-01	5.71	40.7	37	3.6	17667	23.5	490	44.1	62	9.1	3496	37.3	20.9	39.7	40.7	41.3	37.3	944	36.5	33.5	75.3	2811	2122.8	686.3	74.5	38	10.6	5.6	3.27227824655283	5.05	89.2857142857143
1972-11-01	5.73	40.7	36.9	3.7	17724	23.7	487	44.1	63	9.3	3454	36.5	21.1	39.6	40.9	41.4	37.3	947	36.3	33.3	75.3	2812	2126.4	684	73.3	35.9	10	5.3	3.27227824655283	5.06	88.67924528301887
1972-12-01	5.8	40.6	36.8	3.7	17748	23.8	481	42.9	63	9.3	3365	35.7	21.2	39.7	40.9	41.4	37.3	949	36.4	33.3	75.3	2812	2132.4	690.8	69.7	35.4	9.4	5.2	3.27227824655283	5.33	80.76923076923077
1973-01-01	5.89	40.4	36.8	3.8	17939	23.8	486	43.3	63	9.3	3447	36.3	21.3	39.8	40.9	41.5	37.3	952	36.3	33.3	75.1	2805	2121.5	683	68.5	35.1	9.1	4.9	6.17776006377041	5.94	85.7142857142857
1973-02-01	5.78	40.9	36.9	3.9	18102	23.8	493	43.3	63	9.3	3482	36.3	21.4	39.7	41	41.3	37.5	957	36.4	33.2	75.2	2796	2107.4	688.3	71	35.2	9.5	5	6.17776006377041	6.58	89.99999999999999
1973-03-01	5.75	40.9	37	3.8	18191	23.9	493	43.3	64	9.4	3517	37.1	21.5	39.9	40.9	41.4	37.4	959	36.4	33.5	75.1	2798	2105.9	692.8	70.7	36.7	9.4	4.9	6.17776006377041	7.09	91.83673469387756
1973-05-01	5.78	40.7	36.9	3.8	18267	23.9	495	43.7	64	9.4	3555	37.4	21.6	39.6	40.9	41.5	37.4	964	36.3	33.3	75.3	2800	2105.9	694.4	72.9	37.5	9.6	4.9	6.17776006377041	7.84	95.91836734693877
1973-06-01	5.78	40.7	36.9	3.8	18360	23.9	499	43.9	64	9.3	3608	37.4	21.7	39.6	40.8	41.6	37.4	966	36.4	33.4	75.3	2790	2090.7	698.1	78.4	38	9.8	4.9	6.17776006377041	8.49	100
1973-07-01	5.82	40.7	36.9	3.8	18387	23.8	504	43.9	64	9.2	3651	37.4	21.8	39.6	40.8	41.6	37.4	966	36.4	33.4	75.5	2761	2069.4	692.6	80.2	38.2	9.8	4.8	6.17776006377041	10.4	104.1666666666667
1973-08-01	5.86	40.6	36.8	3.7	18391	23.9	507	44.2	65	9.3	3633	37.3	21.8	39.6	40.9	41.7	37.4	970	36.4	33.3	75.4	2782	2081	697.1	81	38.2	9.2	4.8	6.17776006377041	10.5	91.66666666666666
1973-09-01	6.02	40.7	36.8	3.8	18353	24	509	44	65	9.3	3631	36.9	21.9	39.5	40.6	41.8	37.3	973	36.5	33.2	75.4	2788	2085.3	700.8	81.3	37.8	9.7	4.8	6.17776006377041	10.78	102.08333333333334
1973-10-01	6.05	40.6	36.7	3.7	18423	24.1	511	43.8	66	9.3	3623	37.1	22.1	39.4	40.7	41.7	37.2	979	36.4	33.1	75.5	2791	2086.3	703.3	81.2	37.8	8.8	4.6	6.17776006377041	10.01	91.30434782608698
1973-11-01	6.06	40.6	36.9	3.8	18476	24.1	516	44.2	66	9.2	3618	38.2	22.1	39.7	40.9	41.6	37.2	980	36.5	33.1	75.3	2801	2091.5	707.8	79.4	37.7	9.3	4.8	6.17776006377041	10.03	93.75000000000004
1973-12-01	6.08	40.6	36.7	3.6	18519	24.1	520	44.6	67	9.3	3613	37.1	22.2	39.6	40.5	41.5	37.1	981	36.4	33	75.5	2813	2099.1	722.6	76	36.8	9	4.9	6.17776006377041	9.95	83.67346938775509
1974-01-01	6.06	40.5	36.6	3.5	18443	24.2	527	44.2	68	9.4	3576	36.2	22.2	39.4	40.8	41.4	37.2	984	36.3	33.1	75.5	2817	2104	712.3	74.2	35	9.5	5.1	11.0548048048048	9.65	86.27450980392157
1974-02-01	6.08	40.4	36.6	3.4	18424	24.2	534	44.6	69	9.4	3621	37.6	22.2	39.3	40.5	41.3	37.1	983	36.3	33.1	75.3	2833	2120.7	711.6	78.2	36.5	9.8	5.2	11.0548048048048	8.97	88.46153846153845
1974-03-01	6.05	40.4	36.6	3.5	18377	24.1	535	44.5	68	9.3	3619	37.1	22.2	39.4	40.4	41.5	37	984	36.3	33.1	75.7	2838	2127.7	709.9	76	36.7	9.8	5.1	11.0548048048048	9.35	92.15686274509808
1974-04-01	6.07	39.5	36.4	2.9	18361	24.1	543	44.6	70	9.4	3593	36.4	22.2	39.3	40.7	41.8	37.1	984	36.1	33.2	76.1	2846	2135.8	709.4	77	36.1	9.5	5.1	11.0548048048048	10.51	86.27450980392157
1974-05-01	6.12	40.3	36.6	3.4	18311	24.2	548	44.7	71	9.5	3564	36.9	22.2	39.3	40.8	41.4	37.2	986	36.2	33	75.9	2853	2144.4	708.7	79.4	37	9.7	5.1	11.0548048048048	11.31	90.19607843137254
1974-06-01	6.16	40.2	36.5	3.3	18257	24.2	551	44.3	71	9.4	3509	37.2	22.2	39.3	40.5	41.2	37.1	986	36.3	33.2	75.9	2859	2150.1	707.7	86.5	37.8	10.1	5.4	11.0548048048048	11.93	87.03703703703702
1974-07-01	6.19	40.1	36.5	3.3	18123	24.2	555	44	72	9.5	3416	37.2	22.3	39.2	40.7	41.7	37.1	987	36.3	33.1	75.8	2869	2161.3	708.8	88.2	38	10.4	5.5	11.0548048048048	12.92	89.0909090909091
1974-08-01	6.37	40.2	36.5	3.4	18088	24.1	560	43.9	72	9.4	3439	36.9	22.1	39.1	40.5	41.1	37	987	36.4	33.1	76	2874	2163.2	708.5	88.4	37.8	9.9	5.5	11.0548048048048	12.01	80
1974-09-01	6.55	40	36.4	3.2	17981	24.2	563	43.5	73	9.4	3393	37	22.2	39.2	40.4	41	37	985	36.3	33.1	76.3	2876	2166.8	707.8	85	37.8	10.8	5.9	11.0548048048048	11.34	83.05084745762711
1974-10-01	6.54	40	36.3	3.1	17809	24.1	569	43.8	74	9.5	3356	37.3	22	39.1	40.5	40.9	36.9	985	36.1	33	76.4	2875	2164.9	709.1	82.3	38.1	11.5	6	11.0548048048048	10.06	91.66666666666669
1974-11-01	6.56	39.5	36.1	2.8	17470	23.9	570	39.7	75	9.6	3293	37.4	21.8	39.1	39.8	40.7	36.6	980	36.3	33	76.5	2875	2166.6	706.8	79.3	36.9	12.4	6.6	11.0548048048048	9.45	87.87878787878789
1974-12-01	6.62	39.3	36.1	2.6	17040	23.7	542	42.4	72	9.6	3239	37.5	21.6	39	40	41	36.5	973	36.3	33	76.6	2874	2166.3	715.5	74.4	37.2	13.1	7.2	11.0548048048048	8.53	81.94444444444444
1975-01-01	6.63	39.2	36	2.5	16744	23.6	572	44.1	77	9.8	3239	37.1	21.5	39	40.5	40.9	36.8	964	36.4	33.1	76.6	2873	2164.9	707.3	69.1	35.9	14.1	8.1	9.14314686496534	7.13	74.07407407407408
1975-02-01	6.56	38.9	35.9	2.4	16306	23.5	574	43.6	77	9.7	3110	36.7	21.4	39	39.9	41.1	36.4	958	36.4	33	76.8	2873	2168.7	703.6	68.5	35.6	14.4	8.1	9.14314686496534	6.24	77.77777777777779
1975-03-01	6.69	38.8	35.7	2.3	16081	23.5	575	43.4	77	9.7	3023	35.5	21.2	39	39.9	40.6	36.3	953	36.3	33	76.9	2875	2171.3	703	66.2	35.1	15.1	8.6	9.14314686496534	5.54	75.5813953488372
1975-04-01	6.66	39	35.8	2.4	15931	23.6	568	42.8	78	9.9	2956	36.7	21.2	38.9	40	40.8	36.4	953	36.1	32.9	77	2874	2170.9	701.8	63.1	36.6	15.3	8.8	9.14314686496534	5.49	73.86363636363636
1975-05-01	6.69	39	35.9	2.4	15927	23.6	580	44	78	9.8	2941	37.1	21.1	39.1	39.5	40.6	36.2	953	36.3	33	76.9	2875	2172.4	701.8	69.1	37.2	15.1	9	9.14314686496534	5.22	67.77777777777779
1975-06-01	6.73	39.2	35.9	2.4	15873	23.7	581	43.4	78	9.7	2921	36.2	21.2	39	39.8	40.8	36.5	952	36.3	33	77.2	2871	2170	700.3	77.8	36.8	15	8.8	9.14314686496534	5.55	70.45454545454544
1975-07-01	6.78	39.4	35.9	2.6	15852	23.9	581	43.4	78	9.7	2897	36.8	21.4	38.9	40	40.7	36.5	953	36	32.9	77	2885	2185.6	699.8	80	37.6	14.1	8.6	9.14314686496534	6.1	63.95348837209303
1975-08-01	6.81	39.7	36.1	2.8	16049	24	583	43.3	79	9.8	2928	37.2	21.3	39.1	39.9	41.1	36.6	956	36.2	33	76.7	2886	2188.4	697.4	79.3	38	15.2	8.4	9.14314686496534	6.14	80.95238095238093
1975-09-01	6.92	39.8	36.1	2.8	16145	24.1	584	43.5	80	9.9	2944	37	21.5	39	40.2	40.7	36.7	959	36.1	32.9	77	2891	2194	697.1	78.5	37.7	15.4	8.4	9.14314686496534	6.24	83.33333333333333
1975-12-01	6.95	40.2	36.2	2.9	16404	24.3	595	44.2	81	9.9	2998	37.2	21.7	39.2	40.2	40.8	36.9	963	36.2	32.9	76.9	2897	2213.4	688.4	75.4	37	14.5	8.2	9.14314686496534	5.2	76.82926829268295
1976-01-01	6.94	40.3	36.3	3	16593	24.4	597	45.2	83	10.1	3051	37.6	21.8	39.2	40.1	40.9	36.8	970	36.3	33	76.9	2887	2201.6	684.6	74.1	36.4	14.3	7.9	5.74481263549085	4.87	81.0126582278481
1976-02-01	6.91	40.4	36.3	3.1	16659	24.5	595	44.3	84	10.2	3034	37.8	21.9	39.2	40.1	40.9	36.8	973	36.4	33	76.9	2882	2196.2	685.1	75.3	36.7	14.4	7.7	5.74481263549085	4.77	87.01298701298701
1976-03-01	6.94	40.2	36.1	3.1	16726	24.6	600	44	84	10.2	3034	36.4	22	39.1	40.1	41	36.8	976	36.2	32.8	76.8	2876	2193.6	681.9	72.3	36	13.5	7.6	5.74481263549085	4.84	77.63157894736842
1976-05-01	7.08	40.3	36.2	3.2	16719	24.8	600	43.7	83	10	2989	37.2	22.2	39.1	40	40.9	36.7	980	36.3	32.8	76.9	2866	2186.9	678.1	77.8	37.3	13.2	7.4	5.74481263549085	5.29	78.37837837837836
1976-06-01	7.04	40.2	36.1	3.1	16691	24.8	604	43.9	84	10.1	2966	37.3	22.2	39	40.2	40.9	36.7	982	36.2	32.6	77.1	2850	2170.8	678.2	83.9	37.9	14.3	7.6	5.74481263549085	5.48	88.15789473684212
1976-07-01	7.16	40.3	36.1	3.2	16698	24.8	610	44.2	84	10	2964	37.1	22.3	39.1	40.2	40.9	36.8	984	36.1	32.6	77.2	2854	2179.8	674.7	86	37.9	13.9	7.8	5.74481263549085	5.31	78.20512820512822
1976-09-01	7.36	40.2	36.1	3.1	16835	24.7	617	44.9	84	10	2965	37.6	22.3	39.2	40.4	41.1	36.7	987	36.2	32.6	77.2	2855	2184.9	670.1	87.9	37	13.7	7.6	5.74481263549085	5.25	80.26315789473684
1976-10-01	7.41	40	35.9	3.2	16700	24.8	618	44.5	84	10	2973	37.6	22.6	38.9	39.8	41	36.7	986	36.1	32.7	77.2	2853	2186.1	668.4	87.8	38.4	13.9	7.7	5.74481263549085	5.02	80.51948051948052
1976-11-01	7.39	40.1	35.9	3.1	16825	24.7	622	44.6	85	10	3004	37.5	22.4	38.9	40.3	40.9	36.8	990	36.1	32.5	77.3	2864	2190.8	672.1	86.1	37.1	14	7.8	5.74481263549085	4.95	79.48717948717949
1976-12-01	7.4	39.9	35.9	3.2	16860	24.7	624	44.5	86	10.1	3006	37.2	22.4	39	40.4	40.6	36.7	992	36.1	32.5	77.3	2850	2187.1	664	86.1	37.1	14.1	7.8	5.74481263549085	4.65	80.76923076923077
1977-01-01	7.48	39.4	35.6	3.3	16899	24.9	628	44	86	10	2966	35.6	22.6	39.1	39.8	40.8	36.4	996	36.2	32.5	77.4	2851	2193.9	656.4	80.2	34.4	13.8	7.5	6.50168399472839	4.61	84.00000000000001
1977-02-01	7.41	40.2	36	3.3	17032	24.9	631	44.7	86	10	3070	38	22.7	39.4	40.2	41	36.8	999	36.1	32.5	77.5	2851	2190.9	660.3	80.7	36.9	14.2	7.6	6.50168399472839	4.68	86.8421052631579
1977-03-01	7.41	40.3	35.9	3.3	17216	24.8	642	44.7	87	10	3150	37.2	22.7	39.1	40.2	40.8	36.8	1002	36.2	32.5	77.5	2854	2193.9	660.3	78.4	36.8	13.9	7.4	6.50168399472839	4.69	87.83783783783782
1977-04-01	7.41	40.4	36	3.3	17332	24.8	649	45.1	86	9.8	3193	37.4	22.8	39.2	40.1	40.8	36.8	1006	36.2	32.5	77.4	2858	2199	658.7	79.3	37.1	12.8	7.2	6.50168399472839	4.73	77.77777777777779
1977-05-01	7.43	40.5	36	3.5	17431	24.8	651	44.8	87	9.9	3213	37.3	22.9	39.1	40.1	41.1	36.8	1010	36.2	32.5	77.4	2857	2198.7	657.4	82.6	37.4	13.5	7	6.50168399472839	5.35	92.85714285714286
1977-07-01	7.51	40.4	35.9	3.4	17553	24.9	639	45.3	87	10	3244	36.9	23	39.2	39.9	41.3	36.7	1017	36.2	32.5	77.3	2852	2194.4	658.3	87.8	37.7	13.9	6.9	6.50168399472839	5.42	101.44927536231884
1977-08-01	7.57	40.4	35.9	3.5	17554	24.9	624	44.5	87	10.2	3251	36.7	23	39.1	40	40.9	36.8	1018	36.2	32.4	77.2	2860	2200.5	659.2	90.2	37.4	15.1	7	6.50168399472839	5.9	115.71428571428572
1977-09-01	7.72	40.4	35.8	3.4	17636	24.9	653	44.8	90	10.1	3269	36.4	23	39.1	39.8	40.9	36.7	1023	36.1	32.4	77.3	2865	2205.5	659	89.7	37.1	14.5	6.8	6.50168399472839	6.14	113.23529411764706
1977-11-01	7.72	40.5	35.9	3.5	17729	25.1	657	45.3	91	10.2	3301	37	23.3	39.2	40	41.2	36.9	1028	36.2	32.5	77.1	2872	2218.3	653.7	84.6	36.6	14.7	6.8	6.50168399472839	6.51	116.17647058823528
1978-01-01	7.8	39.5	35.3	3.4	17711	25.4	531	42.8	85	11.3	3263	34.8	23.4	39	39.3	41.6	36.4	1036	36	32.5	77.4	2881	2224	657.3	79	33.6	13.9	6.4	7.63096383885602	6.7	117.1875
1978-02-01	7.78	39.9	35.6	3.6	17768	25.4	532	43.9	86	11.4	3286	36.2	23.5	39.1	40.1	41.5	36.8	1041	36.1	32.4	77.3	2881	2224.6	656.2	79.3	35.1	13.1	6.3	7.63096383885602	6.78	107.93650793650797
1978-03-01	7.85	40.5	35.8	3.6	17948	25.3	549	44.4	85	11	3407	37.1	23.5	39.2	40.3	41.5	37	1046	36	32.4	77.2	2879	2221.5	657.2	79.3	36.7	13.1	6.3	7.63096383885602	6.79	107.93650793650797
1978-04-01	7.86	40.4	35.8	3.5	18246	25.1	680	45.3	96	10.3	3529	37.5	23.6	39.2	39.9	41.5	36.9	1051	36.2	32.3	77.1	2881	2224	657.5	79.3	37.4	12.9	6.1	7.63096383885602	6.89	111.4754098360656
1978-05-01	7.98	40.4	35.8	3.5	18303	25.2	685	45.2	96	10.3	3522	37	23.6	39	40.1	41.4	36.9	1054	36	32.3	77.1	2881	2226.2	654.9	81.4	37.1	13	6	7.63096383885602	7.36	116.66666666666666
1978-06-01	8.02	40.6	35.9	3.6	18413	25.2	691	45.1	98	10.4	3593	37.7	23.7	39.1	39.9	41.8	36.9	1060	36.2	32.3	77	2886	2233.1	651.5	88.7	38.3	12.8	5.9	7.63096383885602	7.6	116.94915254237289
1978-07-01	8.09	40.6	35.9	3.5	18465	25.1	694	45.1	99	10.5	3619	37.8	23.7	39.2	39.7	41.4	36.8	1061	36.3	32.3	77	2892	2239.2	654.8	90.4	38.6	13	6.2	7.63096383885602	7.81	109.6774193548387
1978-09-01	8.34	40.5	35.7	3.7	18587	25.3	699	44.9	101	10.6	3647	37.2	23.9	39.3	39.5	41.5	36.6	1070	36.2	32.3	76.9	2908	2246.8	658.5	89.8	37.9	11.9	6	7.63096383885602	8.45	98.33333333333334
1978-10-01	8.34	40.5	35.8	3.7	18665	25.3	705	45.3	103	10.7	3669	37.6	24	39.2	39.9	41.4	36.8	1076	36.2	32.2	77	2915	2244.1	673	88.8	38.3	11.8	5.8	7.63096383885602	8.96	103.448275862069
1978-11-01	8.34	40.6	35.7	3.7	18774	25.3	712	45.3	104	10.7	3674	37.4	24	39.1	39.7	41.3	36.7	1081	36	32.1	77	2919	2245.3	673.8	86.6	37	12.7	5.9	7.63096383885602	9.76	115.25423728813556
1978-12-01	8.38	40.5	35.7	3.6	18841	25.4	714	45.1	105	10.8	3668	37.7	24	39.2	39.8	41.5	36.8	1086	36	32	77.1	2899	2222.3	674.2	85.2	37.6	12.4	6	7.63096383885602	10.03	106.66666666666669
1979-01-01	8.44	40.4	35.6	3.6	18805	25.5	717	44.5	106	10.8	3591	36.3	24	39.1	39.7	41.8	36.6	1091	36.1	32.1	77.2	2916	2247.8	669.2	82.6	35.2	12.4	5.9	11.2544711292795	10.07	110.1694915254237
1979-02-01	8.48	40.5	35.7	3.6	18823	25.5	723	44.8	107	10.9	3599	37.1	24.1	39	40	41.3	36.8	1094	36.1	32.1	77	2912	2241.6	670	83.2	36	13.1	5.9	11.2544711292795	10.06	122.03389830508472
1979-05-01	8.6	40.2	35.6	3.4	19048	25.4	729	44.5	110	11	3768	37.6	24.2	39.3	39.8	41.2	36.7	1101	35.8	32.1	77	2880	2202.3	678.9	84.9	37.7	12.4	5.6	11.2544711292795	10.24	121.42857142857144
1979-06-01	8.59	40.2	35.6	3.4	19098	25.4	734	44.7	111	11.1	3798	37.8	24.3	39.2	39.7	41.6	36.6	1109	35.8	32.2	76.9	2882	2202.7	679.9	92.9	38.4	12.2	5.7	11.2544711292795	10.29	114.03508771929825
1979-07-01	8.7	40.2	35.6	3.3	19091	25.4	739	43.8	113	11.2	3816	37.4	24.3	39.2	39.9	41.1	36.7	1110	35.9	32.2	77	2884	2212.7	675.2	94.7	38.2	12.1	5.7	11.2544711292795	10.47	112.28070175438596
1979-08-01	8.78	40.1	35.6	3.2	18970	25.4	745	44.8	115	11.3	3828	37.8	24.4	39.2	39.9	41.4	36.7	1111	35.7	32.2	77	2925	2246	675.6	95.8	38.5	12.4	6	11.2544711292795	10.94	106.66666666666669
1979-09-01	8.96	40.1	35.6	3.3	19001	25.4	747	44.8	113	11.1	3814	37.7	24.4	39.2	39.6	41.4	36.7	1113	36	32.2	77.1	2884	2207.3	672.9	93.7	38.4	11.7	5.9	11.2544711292795	11.43	98.3050847457627
1979-10-01	8.93	40.2	35.6	3.2	18941	25.6	752	44.9	115	11.2	3805	37.6	24.6	39.1	39.8	41.4	36.7	1115	35.9	32.1	77.1	2887	2219.8	668.2	93.8	38.2	12.3	6	11.2544711292795	13.77	105.00000000000004
1979-12-01	9.01	40.1	35.6	3.1	18866	25.6	757	45.1	117	11.3	3809	37.7	24.8	39.1	39.5	41.3	36.6	1118	36.1	32.2	77	2886	2212.2	671.8	88.3	37.6	12.2	6	11.2544711292795	13.78	103.33333333333331
1980-01-01	8.92	40	35.4	3	18799	25.7	761	45.3	117	11.2	3797	36.9	24.8	39.1	39.6	41.3	36.5	1119	35.9	32.2	77	2886	2215.5	672.3	83.9	35.8	13	6.3	13.5492019749684	13.82	106.34920634920636
1980-03-01	9.11	39.9	35.3	3	18641	25.8	765	45.1	119	11.3	3711	37.1	24.8	38.9	39.2	41.4	36.4	1123	36	32.1	76.9	2960	2288.7	671.7	81.6	36.7	12.9	6.3	13.5492019749684	17.19	104.7619047619048
1980-04-01	9.13	39.8	35.2	2.8	18333	25.9	775	45	120	11.3	3644	37.4	25	38.9	39.5	41.3	36.5	1121	35.9	32.1	77	3258	2590.3	669.7	78.4	37.2	13.8	6.9	13.5492019749684	17.61	100
1980-05-01	9.22	39.3	35.1	2.5	18023	25.8	785	44.7	121	11.3	3606	37.2	24.8	39	39.2	41.5	36.2	1118	35.9	32	77.1	3088	2417.3	672.3	82.3	37.4	14.4	7.5	13.5492019749684	10.98	92
1980-06-01	9.26	39.2	35	2.4	17774	25.7	793	44.7	122	11.3	3576	37.7	24.7	38.4	39.1	41.4	36.1	1113	36.2	32.1	77.2	3076	2401.7	672.8	88.5	38.4	14.6	7.6	13.5492019749684	9.47	92.10526315789474
1980-08-01	9.49	39.5	35.1	2.7	17675	25.8	777	44.7	124	11.6	3549	37.1	24.7	38.7	39	41.6	36.2	1108	35.9	32.1	77.3	2980	2300.1	675.3	95.7	37.8	14.6	7.7	13.5492019749684	9.61	89.6103896103896
1980-09-01	9.63	39.6	35.1	2.7	17754	25.8	790	44.7	125	11.5	3568	37.7	24.7	38.8	39.4	41.3	36.3	1110	35.9	32.1	77.4	2936	2253	675.6	95.2	38.4	14.8	7.5	13.5492019749684	10.87	97.33333333333334
1980-11-01	9.7	39.9	35.3	2.9	17905	25.8	809	44.9	128	11.5	3568	37.8	24.8	38.8	39.2	41.2	36.4	1124	36	32.1	77.4	2960	2289.5	672.7	89.2	37.3	15.1	7.5	13.5492019749684	15.85	101.33333333333331
1980-12-01	9.79	40.1	35.3	3.1	17942	25.8	821	45.2	130	11.5	3571	37.8	24.9	38.9	39.5	41	36.5	1126	36	32	77.4	2961	2290.1	669.6	83.9	37.7	15	7.2	13.5492019749684	18.9	108.33333333333334
1981-01-01	9.89	40.1	35.4	3	17913	25.9	828	45.5	133	11.7	3540	38.1	24.9	39.2	39.5	41.1	36.5	1129	36.1	32.1	77.4	2961	2286.2	677	78.7	37	14.6	7.5	10.3347153402771	19.08	94.66666666666666
1981-02-01	9.89	39.8	35.2	2.9	17874	26	837	44.7	135	11.8	3519	36.8	25	38.9	39.4	41.2	36.4	1131	36.1	32.1	77.5	2946	2275.2	671.3	77.8	35.6	14.7	7.4	10.3347153402771	15.93	98.64864864864865
1981-03-01	9.91	40	35.3	2.9	17960	25.9	842	44.3	137	11.8	3568	38.1	25	38.9	39.2	41.2	36.4	1134	36.1	32.2	77.5	2932	2259.8	672.6	75.4	37.7	15.1	7.4	10.3347153402771	14.7	104.05405405405403
1981-05-01	10.01	40.2	35.3	3	17895	26.1	758	45	125	12	3504	37.2	25.1	38.8	39	41.4	36.5	1138	36	32.1	77.5	2904	2233.9	672.8	81.4	37.4	14.8	7.5	10.3347153402771	18.52	97.33333333333334
1981-06-01	10.09	40	35.2	2.9	17971	26.1	868	43.7	140	11.8	3471	37	25.1	38.7	39.3	41.1	36.4	1141	36	32.1	77.5	2908	2235.1	673.3	84.8	37.7	15.7	7.5	10.3347153402771	19.1	109.33333333333331
1981-07-01	10.24	39.9	35.2	3	17974	26.2	887	45.4	144	11.8	3458	37.3	25.2	38.9	39.3	41.1	36.4	1145	36	32	77.5	2912	2240.1	674.1	87.9	38.2	15	7.2	10.3347153402771	19.04	108.33333333333334
1981-08-01	10.36	40	35.2	2.9	17911	26.2	898	45.6	146	11.9	3440	37.2	25.3	38.9	38.8	40.8	36.2	1146	36	32	77.5	2921	2243.2	675.3	87.1	37.9	16.3	7.4	10.3347153402771	17.82	120.27027027027026
1981-10-01	10.61	39.6	35	2.6	17715	26.3	910	45.7	149	11.9	3406	37.5	25.4	38.9	38.7	41	36.1	1146	35.9	32.1	77.6	2920	2239.3	683.5	86.3	38	16.7	7.9	10.3347153402771	15.08	111.39240506329112
1981-11-01	10.63	39.4	35.1	2.4	17533	26.3	918	45.7	150	11.9	3380	38	25.4	38.9	38.8	40.8	36.1	1144	35.9	32.1	77.6	2913	2239.7	676.3	83.1	37.5	16.8	8.3	10.3347153402771	13.31	102.40963855421684
1981-12-01	10.71	39.2	34.9	2.4	17296	26.4	918	45.7	151	12	3345	37.6	25.4	38.8	38.6	40.7	36	1142	35.9	32	77.7	2907	2230.3	674.5	76.5	37.5	17.2	8.5	10.3347153402771	12.37	102.35294117647058
1982-02-01	10.81	39.6	35.1	2.4	17055	26.4	914	45.4	151	12.1	3310	37.5	25.5	38.9	39.1	41.4	36.3	1136	36	32.1	78	2894	2213	682.2	70.3	36.3	17.7	8.9	6.13142700027494	14.78	98.876404494382
1982-03-01	10.83	39.1	34.9	2.3	16931	26.4	910	45.4	150	12	3294	37.8	25.5	38.8	38.7	41.2	36	1134	36	32	77.9	2890	2208.9	681.2	67.7	37.4	18.1	9	6.13142700027494	14.68	101.11111111111111
1982-05-01	10.93	39.1	34.8	2.3	16641	26.4	870	44.4	148	12.3	3265	37.6	25.6	38.6	38.6	40.9	36	1132	36.1	32.1	78.1	2855	2177.6	680.6	71	37.9	18.5	9.4	6.13142700027494	14.45	96.80851063829788
1982-06-01	10.9	39.2	34.8	2.3	16424	26.5	848	44.2	146	12.3	3211	37.2	25.6	38.6	38.5	41.1	35.9	1129	36	32.1	78.2	2873	2193.7	679.7	78.1	37.9	18.5	9.6	6.13142700027494	14.15	92.70833333333334
1982-07-01	11.02	39.2	34.8	2.4	16272	26.5	823	44.4	144	12.5	3188	37.5	25.7	38.7	38.5	41.1	36	1127	35.9	32.2	78.3	2876	2197.3	679.7	81.7	38.4	18.8	9.8	6.13142700027494	12.59	91.83673469387756
1982-09-01	11.17	39	34.8	2.2	16039	26.7	786	43.8	141	12.7	3149	37.8	25.8	38.7	38.4	41	35.8	1125	36	32.3	78.6	2876	2183.1	681.3	84.1	37.3	19.7	10.1	6.13142700027494	10.31	95.04950495049503
1982-10-01	11.31	38.9	34.6	2.2	15778	26.8	767	43.2	138	12.7	3131	37	25.9	38.6	38.1	41	35.7	1122	35.9	32.1	78.7	2890	2208.2	685.2	81	37.5	20.1	10.4	6.13142700027494	9.71	93.26923076923076
1982-11-01	11.15	39	34.6	2.3	15658	26.8	753	43.2	136	12.7	3139	37.2	25.9	38.7	38.3	41	35.8	1120	36	32.1	78.7	2896	2207	695	77.8	36.6	20.2	10.8	6.13142700027494	9.2	87.03703703703702
1982-12-01	11.37	39	34.7	2.3	15625	26.8	740	43.2	134	12.8	3139	37.4	25.9	38.7	38.2	41	35.8	1119	35.9	32.1	78.7	2896	2216.6	677.5	73.9	37.2	20.9	10.8	6.13142700027494	8.95	93.51851851851848
1983-01-01	11.36	39.3	34.9	2.3	15713	26.8	724	44.2	133	12.9	3206	38.4	25.9	38.8	38.2	40.9	35.8	1118	36.1	32.3	78.7	2921	2239.8	682.6	70.3	37.3	21.2	10.4	3.21243523316063	8.68	103.84615384615384
1983-02-01	11.42	39.3	34.5	2.3	15647	26.9	706	43.2	131	13	3147	37.1	25.9	38.7	38.2	40.9	35.8	1119	35.8	31.9	78.8	2910	2228	682.4	71	35.9	19.9	10.4	3.21243523316063	8.51	91.34615384615384
1983-03-01	11.36	39.6	34.7	2.6	15642	26.9	695	43.4	129	13	3130	37.3	26	38.8	38.2	41	35.9	1121	35.8	32.1	78.6	2908	2226.5	681.9	69.8	36.9	20.1	10.3	3.21243523316063	8.77	95.14563106796116
1983-04-01	11.31	39.7	34.8	2.7	15718	27	689	43.4	128	13	3135	37.1	26	38.7	38.4	41.1	36	1124	35.8	32.1	78.6	2902	2221.4	680.3	72.1	37.1	20.4	10.2	3.21243523316063	8.8	100
1983-05-01	11.25	40	34.9	2.8	15816	27	686	43.9	127	12.9	3143	37.6	26.1	38.8	38.4	41.1	36.2	1126	36.1	32.3	78.6	2904	2225.6	680.6	77.8	37.9	20.3	10.1	3.21243523316063	8.63	100.990099009901
1983-06-01	11.22	40.1	34.9	2.9	15931	27	688	43.8	126	12.8	3189	37.7	26.1	38.8	38.3	41	36.1	1129	35.8	32.1	78.5	2905	2225.2	680.3	86.8	38.3	20.7	10.1	3.21243523316063	8.98	104.95049504950497
1983-07-01	11.25	40.3	34.9	3	16078	27	694	43.9	126	12.7	3229	37.7	26.1	38.8	38.4	41.1	36.3	1131	35.9	32.1	78.4	2908	2215.5	692.4	90	38.6	19.4	9.4	3.21243523316063	9.37	106.38297872340424
1983-08-01	11.31	40.3	34.9	3.1	16166	27	693	44	127	12.8	3273	37.7	26.1	38.9	38.8	41.2	36.3	894	35.9	32.1	78.3	2913	2229.9	683.2	93.7	38.4	19.7	9.5	3.21243523316063	9.56	107.36842105263156
1983-09-01	11.49	40.6	35	3.3	16315	27	691	44	127	12.9	3306	37.5	26.2	38.9	38.8	41.2	36.4	1140	35.8	32.1	78.2	2935	2240.5	685.5	94.2	38.3	18.8	9.2	3.21243523316063	9.45	104.34782608695654
1983-11-01	11.38	40.6	35.1	3.3	16584	27	702	44.1	127	12.7	3379	37.3	26.2	38.9	38.8	41.2	36.4	1143	35.9	32.1	78	2920	2231.1	693.7	90.6	36.7	17.5	8.5	3.21243523316063	9.34	105.88235294117644
1983-12-01	11.5	40.5	35.1	3.4	16662	27	704	44.2	127	12.6	3405	37.4	26.2	38.9	39	41.2	36.5	1146	35.8	32.1	78.1	2923	2232.6	688.6	84.9	37.2	17.8	8.3	3.21243523316063	9.47	114.4578313253012
1984-01-01	11.58	40.6	35.1	3.4	16780	27	708	44.4	126	12.5	3455	37.8	26.3	38.9	39	41.3	36.6	1152	36.2	32	78.2	2920	2227.2	693.3	81.4	36.8	17.3	8	4.30053547523427	9.56	116.25
1984-03-01	11.48	40.7	35.1	3.5	16995	27.1	711	44.3	127	12.6	3516	37.4	26.4	38.9	38.6	41.1	36.4	1160	35.9	32	78.1	2926	2229.1	697	79.8	37.1	16.6	7.8	4.30053547523427	9.91	112.82051282051286
1984-04-01	11.48	40.8	35.2	3.5	17070	27	712	44.6	127	12.6	3544	37.9	26.4	38.9	39.2	41	36.6	1162	36.2	32.1	78	2931	2232.6	698.3	78.5	37.9	16.5	7.7	4.30053547523427	10.29	114.28571428571428
1984-05-01	11.51	40.7	35.1	3.4	17129	27	717	44.6	128	12.6	3572	38.1	26.5	39	39	41.2	36.5	1164	36.1	32	77.9	2937	2236.6	701.1	83.8	38.5	15.7	7.4	4.30053547523427	10.32	112.16216216216216
1984-06-01	11.47	40.6	35.1	3.4	17214	27	722	44.7	129	12.6	3621	38.4	26.5	38.9	39.1	41.3	36.6	1168	36.1	32	77.8	2941	2240.2	703.7	92.1	39	15.6	7.2	4.30053547523427	11.06	116.66666666666666
1984-07-01	11.5	40.6	35.1	3.4	17266	27	722	44.6	130	12.7	3643	38	26.5	38.8	39.3	41.1	36.7	1171	36.3	32	77.9	2945	2239.9	706.8	94.6	38.9	16.7	7.5	4.30053547523427	11.23	122.66666666666666
1984-08-01	11.54	40.5	35	3.4	17278	27	723	44.7	130	12.7	3649	38.1	26.6	38.9	38.9	41.2	36.5	1174	36.1	31.9	77.9	2950	2240.2	710.2	95.8	38.8	16	7.5	4.30053547523427	11.64	113.33333333333331
1984-09-01	11.68	40.5	35.1	3.3	17273	26.9	719	45	131	12.8	3674	38.1	26.5	38.9	39.4	41.4	36.6	1177	36.3	32.1	77.9	2955	2236.8	712.7	96	38.9	15	7.3	4.30053547523427	11.3	105.47945205479454
1984-11-01	11.55	40.4	35	3.3	17264	26.9	706	44.7	131	13	3712	38.4	26.6	38.8	38.9	41.1	36.4	1180	36.2	32	77.9	2962	2247.1	718.2	88.7	37.8	15	7.2	4.30053547523427	9.43	108.33333333333334
1984-12-01	11.71	40.5	35.1	3.3	17293	26.9	701	44.8	131	13.1	3744	38.3	26.6	38.8	39	41.2	36.5	1180	36.3	32	77.9	2964	2245.4	717.1	84.8	38	15.2	7.3	4.30053547523427	8.38	108.21917808219176
1985-01-01	11.75	40.3	34.9	3.3	17292	26.9	699	44	131	13.2	3760	37.9	26.6	38.8	38.9	41.1	36.4	1183	36.1	31.9	77.7	2964	2243.4	720.1	81.1	36.9	15.2	7.3	3.54564415209369	8.35	108.21917808219176
1985-02-01	11.79	40.1	34.8	3.3	17236	26.8	698	44.6	131	13.2	3754	38.3	26.5	38.8	39	41.3	36.4	1184	36	31.9	77.7	2961	2236.2	723.1	80.6	37	15.8	7.2	3.54564415209369	8.5	119.44444444444446
1985-03-01	11.68	40.4	34.9	3.3	17278	26.8	699	45	132	13.3	3821	38.4	26.6	38.9	39	41.5	36.5	1183	36.2	31.9	77.6	2973	2247.8	724.3	79.2	38.1	15.1	7.2	3.54564415209369	8.58	109.72222222222224
1985-04-01	11.68	40.5	34.9	3.1	17252	26.7	702	45.1	132	13.3	3849	38.5	26.5	38.9	38.9	41.4	36.4	1188	36.1	31.9	77.6	2996	2221.4	774.2	75.2	38.3	15.1	7.3	3.54564415209369	8.27	106.84931506849313
1985-07-01	11.65	40.4	34.8	3.3	17160	26.7	687	44.4	130	13.3	3877	38.2	26.4	38.8	38.6	41.2	36.4	1192	35.9	31.9	77.5	3029	2274.2	757.2	89.7	39	15.2	7.4	3.54564415209369	7.88	105.4054054054054
1985-08-01	11.72	40.6	34.8	3.3	17169	26.7	683	44.5	129	13.3	3893	38.1	26.4	38.8	38.7	41.5	36.5	1193	36.1	31.9	77.4	3037	2280.9	756	91.6	38.8	14.3	7.1	3.54564415209369	7.9	101.40845070422534
1985-09-01	11.9	40.6	34.8	3.3	17150	26.7	676	44.6	129	13.5	3918	38.2	26.4	38.7	38.8	41.7	36.5	1196	36.1	31.9	77.4	3038	2278.2	757.2	91	39	15.2	7.1	3.54564415209369	7.92	114.0845070422535
1985-10-01	11.86	40.7	34.8	3.3	17155	26.7	670	44.4	129	13.5	3929	38.1	26.4	38.8	38.8	41.6	36.6	1199	36	31.9	77.3	3039	2277.2	760.2	89.9	38.7	15	7.1	3.54564415209369	7.99	111.26760563380284
1985-11-01	11.73	40.7	34.8	3.3	17143	26.7	665	44.5	129	13.7	3933	37.7	26.4	38.8	38.6	41.6	36.5	1200	35.9	31.9	77.3	3046	2280	765.2	85.9	37.2	15.6	7	3.54564415209369	8.05	122.85714285714286
1985-12-01	11.93	40.9	34.9	3.6	17154	26.8	662	44.4	128	13.6	3942	37.8	26.4	38.8	38.9	41.4	36.6	1201	36.3	31.9	77.4	3051	2281.3	768.9	81	37.4	15	7	3.54564415209369	8.27	114.28571428571428
1986-01-01	11.82	40.7	34.9	3.4	17171	26.8	662	45.2	128	13.7	3963	38.7	26.4	38.9	38.9	41.5	36.6	1202	36.1	32.1	77.4	3055	2279.7	774.4	79.3	37.7	14.5	6.7	1.89804772234275	8.14	116.41791044776116
1986-02-01	11.83	40.7	34.8	3.3	17133	26.8	648	44.2	128	13.9	3955	37	26.5	38.7	38.9	41.6	36.6	1203	36.3	32	77.4	3056	2275.4	778	78.1	35.7	14.4	7.2	1.89804772234275	7.86	100
1986-03-01	11.7	40.7	34.8	3.4	17087	26.9	624	43.9	127	14.3	3965	37.3	26.5	38.8	38.8	41.6	36.6	1204	36.5	32	77.4	3055	2270.8	783.6	75.6	36.9	14.6	7.2	1.89804772234275	7.48	102.77777777777776
1986-04-01	11.77	40.5	34.6	3.3	17094	26.9	599	43.5	125	14.5	4000	38	26.5	38.6	38.5	41.6	36.4	1205	35.9	31.9	77.5	3052	2265.2	787.4	73.9	38	14.8	7.1	1.89804772234275	6.99	108.45070422535214
1986-05-01	11.82	40.7	34.7	3.4	17028	27	573	43.4	123	14.8	3981	37.9	26.6	38.8	38.5	41.6	36.5	1206	36	32	77.5	3043	2255.2	789.4	77.9	38.3	14.6	7.2	1.89804772234275	6.85	102.77777777777776
1986-06-01	11.8	40.7	34.6	3.3	16957	27	562	43.2	121	14.8	3971	37.6	26.6	38.7	38.5	41.4	36.4	1170	36.2	31.9	77.5	3027	2241.7	791.6	85.3	38.2	15.1	7.2	1.89804772234275	6.92	109.72222222222224
1986-07-01	11.8	40.6	34.6	3.4	16924	27	557	43.4	120	14.9	3978	37.8	26.7	38.7	38.3	41.6	36.3	1207	36	31.9	77.5	3023	2232.1	794.9	86.9	38.6	14.4	7	1.89804772234275	6.56	105.71428571428574
1986-09-01	12.05	40.7	34.6	3.4	16941	27.1	541	43	116	14.9	3989	38.1	26.7	38.6	38.2	41.4	36.4	1212	35.9	31.9	77.5	3043	2242.7	798.3	93.7	38.9	14.9	7	1.89804772234275	5.89	112.85714285714286
1986-10-01	12.13	40.6	34.6	3.4	16924	27.1	537	43.1	116	14.9	3991	37.6	26.8	38.6	38.1	41.3	36.2	1212	36.1	31.9	77.5	3045	2241.3	801.4	92.1	38.3	14.6	7	1.89804772234275	5.85	108.57142857142858
1986-11-01	12.12	40.7	34.7	3.4	16938	27.2	536	42.8	115	14.9	3995	37.5	26.8	38.7	38.5	41.4	36.4	1217	36.2	32	77.5	3046	2239.4	803.8	89.6	37	14.3	6.9	1.89804772234275	6.04	107.2463768115942
1986-12-01	12.23	40.8	34.6	3.5	16976	27.2	532	43	114	14.9	4019	37.7	26.9	38.6	38.2	41.3	36.3	1218	36	31.9	77.4	3051	2239	808.5	85	37.3	13.7	6.6	1.89804772234275	6.91	107.57575757575756
1987-01-01	12.07	40.8	34.7	3.5	16961	27.1	524	43.7	113	14.9	4032	38.7	26.9	38.6	38.5	41.2	36.3	1219	36	31.9	77.4	3060	2247.6	808.2	79.7	37.7	14	6.6	3.66456321751691	6.43	112.12121212121212
1987-03-01	12.09	41	34.8	3.7	17025	27.1	528	43.4	113	14.8	4051	38.3	26.8	38.5	38.7	40.9	36.4	1223	36.1	31.9	77.4	3072	2257	814.4	78.3	37.9	13.8	6.6	3.66456321751691	6.13	109.09090909090912
1987-04-01	12.07	40.8	34.7	3.3	17057	27.1	532	43.2	112	14.7	4060	38	26.8	38.5	38.4	40.9	36.3	1226	35.9	31.9	77.3	3073	2259.5	816.1	77.1	37.8	12.9	6.3	3.66456321751691	6.37	104.7619047619048
1987-05-01	12.11	41	34.8	3.7	17099	27.1	537	43.6	111	14.5	4081	38.6	26.8	38.6	38.7	41.3	36.6	1229	36.2	31.9	77.2	3078	2265.8	816.8	82.4	38.9	13.6	6.3	3.66456321751691	6.85	115.87301587301586
1987-07-01	12.05	41	34.7	3.7	17146	27.2	542	43.5	111	14.4	4083	38.2	26.8	38.4	38.7	41.2	36.5	1233	35.8	32	77.1	3089	2282.6	811.5	91.3	39	12.9	6.1	3.66456321751691	6.58	111.4754098360656
1987-08-01	12.13	40.9	34.8	3.7	17197	27.2	545	43.7	111	14.3	4092	38.2	26.8	38.6	38.9	41.2	36.6	1237	36.1	32.1	77	3094	2284.2	811.6	91.8	39	12.6	6	3.66456321751691	6.73	110
1987-09-01	12.25	40.8	34.7	3.6	17253	27.2	552	43.3	111	14.2	4087	37.4	26.9	38.5	38.5	41.2	36.4	1244	36	32	77.1	3100	2288.4	809	92.2	36.9	12.6	5.9	3.66456321751691	7.22	113.55932203389828
1987-11-01	12.3	41	34.8	3.8	17368	27.2	556	44	112	14.3	4134	37.9	26.9	38.5	38.6	41.4	36.6	1250	36	32.1	77.1	3122	2296.8	819.3	90.1	37.5	12.1	5.8	3.66456321751691	6.69	108.6206896551724
1987-12-01	12.28	41	34.6	3.9	17426	27.2	556	43.7	112	14.3	4163	38.5	26.9	38.4	38.4	41.4	36.5	1249	35.7	32	77.1	3126	2295.4	824	85.9	38	12.1	5.7	3.66456321751691	6.77	112.28070175438596
1988-01-01	12.48	41.1	34.6	3.9	17308	27.2	557	43.1	112	14.3	4067	37.4	26.7	38.5	37.5	41.3	36	1259	35.9	31.9	77.2	3125	2292.7	823.2	87.7	36.4	12	5.7	4.07774110744408	6.83	110.52631578947368
1988-02-01	12.32	41.1	34.7	3.7	17400	27.1	556	43.4	112	14.3	4138	37.7	26.7	38.7	37.2	41.2	36.1	1261	35.9	32.3	77.2	3119	2284.4	827.7	87.7	36.5	12.4	5.7	4.07774110744408	6.58	117.54385964912282
1988-03-01	12.28	40.9	34.5	3.7	17440	27.2	553	43.3	112	14.4	4175	38.3	26.8	38.5	36.7	40.8	35.8	1266	35.5	31.9	77.1	3113	2281.8	829.7	81.6	37.9	12.7	5.7	4.07774110744408	6.58	122.80701754385964
1988-04-01	12.4	41	34.6	3.9	17484	27.2	552	43.7	113	14.5	4199	38.3	26.7	38.6	37.4	41.1	36.1	1268	35.7	32	77.1	3107	2282.4	831.5	80.7	38.3	12.2	5.4	4.07774110744408	6.87	125.92592592592592
1988-05-01	12.42	41	34.6	3.9	17493	27.2	551	43.6	112	14.4	4195	38.3	26.7	38.4	37.2	40.9	36.1	1269	35.6	32	76.9	3100	2280.2	831.7	83.8	38.6	12.3	5.6	4.07774110744408	7.09	119.64285714285715
1988-06-01	12.41	41.1	34.6	3.9	17541	27.2	550	43.5	113	14.6	4224	38.4	26.8	38.4	37.2	41.2	36.1	1273	35.5	32	76.8	3099	2280.7	832.4	89.8	39	11.5	5.4	4.07774110744408	7.51	112.96296296296292
1988-07-01	12.49	41.1	34.6	3.8	17554	27.2	547	43.9	113	14.7	4233	38.2	26.8	38.4	37.4	41.4	36.1	1273	35.6	32.1	76.8	3104	2281	833.9	91.8	38.9	11.6	5.4	4.07774110744408	7.75	114.8148148148148
1988-09-01	12.7	41	34.5	3.8	17530	27.2	537	42.5	113	14.9	4229	37.9	26.8	38.4	37.3	41.3	36.1	1285	35.6	31.9	76.8	3141	2297.9	838.4	89	38.7	11	5.4	4.07774110744408	8.19	103.70370370370368
1988-11-01	12.64	41.1	34.6	3.9	17618	27.2	532	42.9	113	15	4235	38.4	26.8	38.3	37.3	41.3	36.1	1290	35.4	32	76.8	3159	2303.1	845.1	90.6	38	11	5.3	4.07774110744408	8.35	107.54716981132076
1988-12-01	12.75	40.9	34.5	3.8	17637	27.2	530	43.4	113	15	4243	38.1	26.8	38.3	37.7	41.4	36.1	1292	35.5	32	76.9	3156	2302.9	842.8	88.1	37.6	11.3	5.3	4.07774110744408	8.76	113.20754716981132
1989-02-01	12.78	41.2	34.5	3.9	17637	27.3	523	43.2	112	15	4234	37.8	26.8	38.5	37.8	41.6	36.2	1292	35.4	32	76.8	3159	2303.4	844.9	84.3	36.6	11.9	5.2	4.82700303008949	9.36	128.84615384615384
1989-03-01	12.83	41.1	34.5	4	17621	27.3	526	43.7	113	15.1	4217	38.3	26.8	38.5	37.5	41.5	36.1	1292	35.6	32	76.7	3152	2304.1	845.2	80.6	37.8	11.1	5	4.82700303008949	9.85	121.99999999999996
1989-05-01	12.87	41	34.4	3.7	17630	27.3	527	43.5	112	14.9	4251	37.8	26.8	38.3	37.5	41.5	36.1	1296	35.5	32	76.4	3143	2318.1	843.1	83.5	38.1	11.2	5.2	4.82700303008949	9.81	115.38461538461536
1989-06-01	12.84	40.9	34.4	3.7	17585	27.3	517	43.6	112	15.1	4246	37.8	26.8	38.4	37.4	41.6	36.1	1296	35.5	32	76.2	3137	2318.2	839.5	89.1	38.3	11.7	5.3	4.82700303008949	9.53	120.75471698113203
1989-07-01	12.95	40.9	34.5	3.8	17555	27.3	506	44.3	110	15.1	4259	38.6	26.8	38.4	37.4	41.6	36.1	1293	35.7	32	76.2	3135	2314.5	837.4	91.8	39.3	11	5.2	4.82700303008949	9.24	111.53846153846156
1989-08-01	12.96	40.9	34.5	3.7	17589	27.3	529	44.5	112	14.9	4270	38.5	26.9	38.4	37.3	41.6	35.9	1233	35.5	32	76	3133	2299.1	837	92.1	39.3	11.1	5.2	4.82700303008949	8.99	113.46153846153844
1989-09-01	13.12	40.8	34.4	3.7	17538	27.3	530	44.4	112	14.8	4263	38.2	26.8	38.4	37.3	41.7	36	1287	35.5	32	76.2	3127	2284.6	835.3	91	39	11.7	5.3	4.82700303008949	9.02	120.75471698113203
1989-10-01	13.18	40.8	34.6	3.7	17531	27.2	530	44.8	111	14.7	4278	38.7	26.8	38.5	37.4	41.8	36.1	1289	35.7	32.1	76.2	3124	2279.5	832.5	90.7	39.6	11.7	5.3	4.82700303008949	8.84	120.75471698113203
1989-11-01	13.16	40.7	34.4	3.6	17546	27.2	533	44.6	111	14.6	4300	38.8	26.8	38.4	37.3	41.6	35.9	1289	35.5	32	76.3	3121	2277.2	827.9	89.2	38.4	11.7	5.4	4.82700303008949	8.55	116.66666666666666
1990-01-01	13.29	40.5	34.5	3.9	17545	27.2	534	44.6	111	14.5	4273	39.3	27.1	38.5	36.7	41.8	36	1311	35.5	32.1	76.6	3103	2272.9	829.7	84.2	37.6	11.1	5.4	5.39795643990322	8.23	105.55555555555554
1990-02-01	13.29	40.6	34.4	3.9	17630	27.2	535	44	112	14.7	4247	38.3	27	38.5	37.5	42.1	35.9	1312	35.6	31.9	76.7	3109	2279.2	829.3	82.3	37.3	11	5.3	5.39795643990322	8.24	107.54716981132076
1990-03-01	13.34	40.6	34.4	4	17583	27.2	536	44.3	112	14.7	4226	38.6	27	38.6	37.8	41.8	35.9	1315	35.6	32	76.7	3194	2363.7	829.8	80.8	37.9	10.9	5.2	5.39795643990322	8.28	109.61538461538464
1990-04-01	13.29	40.4	34.2	3.6	17540	27.2	540	44.6	112	14.6	4196	38	27	38.2	37.8	41.6	35.7	1318	35.2	31.7	76.8	3259	2429.9	829.5	80.4	37.3	10.7	5.4	5.39795643990322	8.26	98.14814814814812
1990-05-01	13.37	40.6	34.3	4	17470	27.2	543	44.5	113	14.7	4172	37.8	27	38.5	37.8	41.7	35.8	1323	35.6	31.9	76.7	3435	2607	828.4	83.5	38.3	10.6	5.4	5.39795643990322	8.18	96.29629629629628
1990-06-01	13.33	40.7	34.4	4	17436	27.2	543	45.3	113	14.7	4154	38.2	27	38.5	38.1	41.6	35.8	1328	35.7	32	76.6	3332	2504.6	827.3	87.1	39.1	10.5	5.2	5.39795643990322	8.29	101.92307692307692
1990-07-01	13.4	40.6	34.2	4	17342	27.2	541	45.3	113	14.7	4128	37.8	27.1	38.2	37.8	41.5	35.6	1333	35.4	31.9	76.6	3274	2447.8	826.2	89.3	38.4	11.4	5.5	5.39795643990322	8.15	107.27272727272728
1990-08-01	13.43	40.5	34.3	4	17249	27.3	538	44.8	113	14.8	4087	38.1	27.1	38.4	37.9	41.4	35.7	1330	35.6	32	76.6	3174	2347.7	825.9	89.6	39	11.7	5.7	5.39795643990322	8.13	105.26315789473682
1990-09-01	13.61	40.5	34.2	3.9	17175	27.3	538	45.3	113	14.8	4041	38.1	27.1	38.3	37.7	41.8	35.8	1328	35.4	31.9	76.7	3136	2312.4	823.9	88.7	39.1	12.1	5.9	5.39795643990322	8.2	105.08474576271183
1991-01-01	13.65	40.2	34.1	3.7	16721	27.5	530	45.4	114	15	3840	38	27.1	38.5	37.6	41.5	35.7	1335	35.5	31.9	76.8	3098	2275.6	822	76.8	36.3	11.9	6.4	4.23496396453853	6.91	85.9375
1991-02-01	13.56	40.1	34.1	3.6	16564	27.6	533	45.7	114	15	3789	38.1	27.1	38.5	37.5	41.4	35.7	1327	35.6	31.9	76.8	3096	2277.2	819.2	77.5	37.1	12.2	6.6	4.23496396453853	6.25	84.84848484848484
1991-03-01	13.55	40	34.1	3.6	16475	27.6	530	45.4	114	15	3754	38	27.1	38.5	37.4	41.4	35.7	1326	35.6	31.9	76.8	3095	2276.9	818.1	73.7	37.3	12.5	6.8	4.23496396453853	6.12	83.82352941176472
1991-04-01	13.62	40.1	34	3.5	16400	27.6	526	45.3	115	15.3	3717	38.2	27	38.3	37.4	41.4	35.6	1324	35.4	31.9	76.8	3086	2269.6	816.4	71.4	37.8	12.7	6.7	4.23496396453853	5.91	89.55223880597015
1991-05-01	13.58	40.2	34.1	3.6	16355	27.6	522	45.4	114	15.2	3685	37.9	27	38.5	37.3	41.5	35.7	1322	35.5	31.9	76.9	3096	2278.9	817.1	74.3	38.3	12.8	6.9	4.23496396453853	5.78	85.5072463768116
1991-07-01	13.61	40.5	34.1	4	16292	27.6	515	45.1	115	15.5	3647	38	27	38.5	37.2	41.3	35.8	1318	35.5	31.8	76.8	3133	2318	814.6	82.7	38.6	11.9	6.8	4.23496396453853	5.82	75
1991-09-01	13.79	40.6	34.1	3.9	16269	27.7	505	45	114	15.7	3624	38.1	27	38.5	37.5	41.5	35.6	1314	35.4	31.8	76.9	3121	2309.4	811.4	83.7	39.1	12.3	6.9	4.23496396453853	5.45	78.26086956521738
1991-10-01	13.78	40.6	34.1	3.9	16241	27.7	499	44.7	113	15.7	3604	38.3	27	38.5	37.2	41.7	35.6	1312	35.4	31.9	76.9	3131	2320.9	810.1	82.2	39.2	13.3	7	4.23496396453853	5.21	90.00000000000001
1991-11-01	13.66	40.7	34.1	4	16147	27.8	494	45.1	113	15.8	3551	38	27.1	38.5	36.9	41.8	35.6	1307	35.5	31.9	76.9	3128	2321	807.4	80.1	37.8	12.5	7	4.23496396453853	4.81	78.57142857142858
1992-01-01	13.72	40.6	34.1	3.9	16119	27.7	489	44.7	112	15.8	3617	38.3	27	38.5	36.9	41.5	35.6	1299	35.5	32	76.9	3137	2315.2	822.2	76.4	36.7	13.5	7.3	3.0288196781497	4.03	84.93150684931507
1992-02-01	13.56	40.7	34.1	3.9	16073	27.7	485	45.1	111	15.8	3573	38.1	27	38.5	36.7	41.5	35.7	1297	35.4	31.9	76.9	3121	2311.2	810.2	75.5	36.7	14.2	7.4	3.0288196781497	4.06	91.89189189189186
1992-03-01	13.72	40.7	34.1	4	16051	27.7	485	45.1	111	15.8	3560	38	27	38.5	36.8	41.8	35.7	1297	35.3	32	76.9	3121	2311	809.6	74.2	37.3	14.1	7.4	3.0288196781497	3.98	90.54054054054052
1992-05-01	13.75	40.9	34.3	4.2	16070	27.7	482	44.8	111	16	3542	38.3	26.9	38.8	37.3	41.8	35.7	1295	35.7	32.1	76.9	3119	2312.2	806.5	76.1	38.9	14.7	7.6	3.0288196781497	3.82	93.42105263157892
1992-06-01	13.78	40.8	34.2	4.1	16040	27.7	478	44.4	109	15.9	3520	38.1	26.9	38.5	37.2	41.4	35.8	1294	35.6	32	76.9	3117	2311.4	805.1	79.5	38.9	14.6	7.8	3.0288196781497	3.76	87.17948717948718
1992-07-01	13.77	40.8	34.2	4.1	16030	27.7	475	44.3	108	15.8	3506	38	26.9	38.7	37.6	41.9	35.7	1291	35.6	32	76.8	3117	2310	806.5	82.4	38.9	14.4	7.7	3.0288196781497	3.25	87.01298701298701
1992-08-01	13.9	40.8	34.2	4.1	16009	27.7	472	44.6	108	15.9	3517	38.1	26.9	38.5	37.6	41.9	35.8	1291	35.4	32.1	76.9	3109	2308.8	800.5	81.8	39.1	14.2	7.6	3.0288196781497	3.3	86.8421052631579
1992-09-01	13.89	40.7	34.3	4	15988	27.7	470	44.6	108	16	3516	37.9	26.9	38.7	37.8	41.8	36.1	1292	35.6	32.1	76.9	3107	2309	798.1	82.1	37.2	13.9	7.6	3.0288196781497	3.22	82.89473684210526
1992-10-01	13.96	40.8	34.2	4.1	16004	27.6	472	44.9	108	15.9	3533	38	26.9	38.6	37.6	41.9	36	1294	35.6	32	76.9	3090	2312.1	778	82.7	39	14.3	7.3	3.0288196781497	3.1	95.89041095890413
1992-11-01	13.91	40.9	34.2	4.1	16028	27.6	472	44.7	108	15.9	3544	37.8	26.9	38.3	38.1	41.8	35.9	1298	35.4	32	76.9	3083	2315.9	767.1	80.8	37.6	14.1	7.4	3.0288196781497	3.09	90.54054054054052
1992-12-01	13.94	40.9	34.2	4.1	16069	27.6	471	44.6	107	15.8	3567	37.8	26.9	38.7	38.3	42.1	36.1	1299	35.6	32.1	77	3101	2309.2	791.4	79.4	37.3	14.3	7.4	3.0288196781497	2.92	93.24324324324324
1993-03-01	13.94	40.8	34.1	4.2	16156	27.6	465	44.1	105	15.6	3617	38.2	26.9	38.5	38.8	43	36.1	1294	35.5	32	77	3071	2288.6	782.6	75.7	37.5	13.7	7	2.95165696638554	3.07	95.71428571428572
1993-04-01	13.93	41.3	34.4	4.5	16146	27.6	464	44.7	105	15.7	3626	38.4	26.9	38.6	38.9	42	36.2	1300	35.6	32.1	77	3069	2288.5	780.6	72.8	37.8	14	7.1	2.95165696638554	2.96	97.1830985915493
1993-05-01	13.99	41.1	34.3	4.4	16206	27.5	466	45.2	104	15.5	3684	38.6	26.9	38.5	38.8	42.1	36	1301	35.4	32	76.9	3065	2282.3	783	76.4	39.2	13.1	7.1	2.95165696638554	3	84.50704225352112
1993-07-01	14.05	41.1	34.4	4.4	16208	27.4	459	45.1	104	15.7	3706	38.5	26.8	38.8	38.9	42.3	36.2	1301	35.6	32	76.8	3071	2270.9	800.2	84.9	39.5	12.7	6.9	2.95165696638554	3.06	84.05797101449272
1993-08-01	14.12	41.1	34.3	4.4	16228	27.3	454	45.3	103	15.7	3724	38.6	26.8	38.4	38.8	42.4	36	1305	35.5	32	76.8	3064	2263.1	801.2	85.6	39.6	12.3	6.8	2.95165696638554	3.03	80.88235294117649
1993-09-01	14.19	41.3	34.4	4.6	16273	27.3	456	45.4	104	15.8	3737	38.8	26.8	38.6	38.9	42.3	36	1307	35.6	32	76.8	3057	2253.9	803.4	86.5	38.3	12.5	6.7	2.95165696638554	3.09	86.56716417910448
1993-10-01	14.23	41.3	34.4	4.5	16327	27.3	456	45.7	104	15.8	3779	38.4	26.8	38.7	39.2	42.1	36	1309	35.7	32	76.8	3039	2239.8	799.6	86.3	39.3	11.8	6.8	2.95165696638554	2.99	73.52941176470588
1993-11-01	14.15	41.3	34.4	4.6	16372	27.2	455	45	103	15.6	3798	38.8	26.8	38.6	39	41.8	36	1311	35.6	32	76.8	3036	2234.9	800.9	84.3	38.6	12.6	6.6	2.95165696638554	3.02	90.90909090909092
1993-12-01	14.15	41.4	34.4	4.7	16441	27.2	469	45.1	104	15.5	3832	38.6	26.7	38.7	39.7	42.2	35.9	1313	35.6	32	76.8	3037	2232.4	804.2	82.2	38.4	11.7	6.5	2.95165696638554	2.96	79.99999999999999
1994-01-01	14.1	41.4	34.4	4.7	16488	27.1	464	45	103	15.4	3843	38.7	26.7	38.7	39.4	43.2	35.6	1318	35.5	32	76.7	3053	2247.7	804.9	80.6	37.1	13.1	6.6	2.6074415921546	3.05	98.48484848484848
1994-03-01	14.13	41.7	34.5	5	16582	27.1	460	45.2	102	15.4	3888	38.8	26.7	38.8	39.5	42.3	36	1322	35.6	32	76.8	3043	2234.9	807.7	78.6	38.1	12.4	6.5	2.6074415921546	3.34	90.76923076923076
1994-04-01	14.18	41.7	34.5	5	16676	27.1	460	45.6	102	15.4	3940	38.5	26.7	38.8	39.9	42.3	36	1326	35.6	32	76.8	3034	2222	812.4	75.9	38.3	11.9	6.4	2.6074415921546	3.56	85.9375
1994-05-01	14.27	41.8	34.5	5	16733	27.1	460	45.3	102	15.5	3969	39.1	26.8	38.7	39.7	42.2	36	1330	35.3	32	76.8	3027	2212.4	814.8	79.3	39.7	11.7	6.1	2.6074415921546	4.01	91.8032786885246
1994-07-01	14.4	41.8	34.6	5	16829	27.1	459	45.8	101	15.4	4003	38.9	26.8	38.9	39.6	42.2	36	1334	35.6	32	76.7	3009	2187.8	820.8	85.9	39.7	10.9	6.1	2.6074415921546	4.26	78.68852459016395
1994-08-01	14.45	41.7	34.5	5	16897	27.1	459	45.4	102	15.5	4010	38.9	26.8	38.7	39.5	41.6	36	1341	35.5	32	76.7	3002	2180.2	822.2	86	39.7	11.2	6	2.6074415921546	4.47	86.66666666666664
1994-09-01	14.63	41.6	34.5	4.9	16956	27.1	461	45.3	102	15.5	4036	38.8	26.8	38.8	39.4	42.1	36	1340	35.5	32	76.7	3002	2175.4	826.3	85.4	39.9	10.6	5.9	2.6074415921546	4.73	79.66101694915253
1994-12-01	14.52	41.8	34.5	5.1	17101	27	460	45.6	99	15.2	4083	39.1	26.8	38.8	39.1	42.2	36.1	1356	35.5	32	76.6	2983	2148.8	834	81.4	38.8	9.9	5.5	2.6074415921546	5.45	80
1995-01-01	14.37	41.8	34.5	5.2	17137	27	461	45.7	99	15.2	4083	39.3	26.7	38.7	39.1	42.2	36.1	1354	35.4	32	76.6	2973	2132.5	840.1	81	37.8	10.3	5.6	2.80541968853655	5.53	83.92857142857146
1995-02-01	14.52	41.7	34.4	5	17086	27	459	45.2	99	15.3	4025	37.9	26.7	38.8	39.2	42.1	35.8	1367	35.5	32.1	76.7	2970	2127.8	841.9	80.5	37	10.1	5.4	2.80541968853655	5.92	87.03703703703702
1995-03-01	14.53	41.5	34.4	4.9	17150	27	460	45.2	99	15.3	4090	38.8	26.7	38.7	39	41.9	35.8	1372	35.5	32	76.7	2965	2121.2	844.2	77.8	38.1	9.7	5.4	2.80541968853655	5.98	79.6296296296296
1995-04-01	14.58	40.9	34.3	4.3	17157	26.9	458	45.3	99	15.4	4091	38.5	26.7	38.6	39.2	42.4	35.7	1377	35.4	32	76.7	2964	2120.4	843.6	75.2	37.7	10.7	5.8	2.80541968853655	6.05	84.48275862068965
1995-06-01	14.67	41.2	34.3	4.6	17127	26.9	457	45.5	97	15.2	4096	38.7	26.7	38.6	39	42	35.9	1378	35.5	31.9	76.7	2959	2110.2	848.9	82.5	39.5	10.7	5.6	2.80541968853655	6	91.07142857142858
1995-07-01	14.78	41.1	34.3	4.6	17097	26.9	456	45.5	97	15.2	4103	39	26.7	38.4	38.9	42.5	36	1381	35.4	31.9	76.6	2949	2098.4	850.4	84.5	39.9	10.9	5.7	2.80541968853655	5.85	91.2280701754386
1995-09-01	14.98	41.2	34.3	4.7	17173	26.8	456	45.5	97	15.2	4150	38.8	26.7	38.6	38.7	42.3	36.1	1390	35.7	31.9	76.7	2929	2077.5	851.7	86.9	39.9	11.1	5.6	2.80541968853655	5.8	98.21428571428572
1995-10-01	14.98	41.2	34.3	4.7	17174	26.8	456	45.6	97	15.2	4183	39.2	26.7	38.5	38.5	42.6	36.1	1393	35.5	31.9	76.6	2934	2077.4	856.9	87.7	40	10	5.5	2.80541968853655	5.76	81.81818181818181
1995-11-01	14.89	41.3	34.3	4.6	17141	26.8	454	45.4	97	15.3	4172	38.9	26.7	38.6	38.7	42.8	36.2	1396	35.5	31.9	76.6	2913	2054.6	857.9	85.1	38.6	9.7	5.6	2.80541968853655	5.8	73.21428571428572
1995-12-01	14.81	40.9	34.2	4.5	17171	26.7	455	45.1	97	15.3	4165	38.6	26.7	38.6	38.8	42.4	36.1	1399	35.5	31.9	76.6	2903	2050	852.6	84.7	38.1	10.2	5.6	2.80541968853655	5.6	82.14285714285714
1996-01-01	14.92	39.7	33.8	4.5	17132	26.7	453	44.8	96	15.2	4162	38.2	26.7	38.5	38.2	42.2	36	1400	35.5	31.9	76.5	2900	2042.6	857.7	80.4	36.7	10.6	5.6	2.9312041999344	5.56	89.2857142857143
1996-03-01	14.83	41.1	34.3	4.5	17192	26.6	460	46.3	96	15.1	4244	38.8	26.7	38.8	39.2	42.4	36.2	1416	35.6	31.9	76.6	2900	2034.6	864.9	78.2	38.1	10.6	5.5	2.9312041999344	5.31	92.72727272727272
1996-04-01	14.88	41.1	34.2	4.7	17235	26.6	460	46.1	96	15	4270	39.1	26.7	38.6	38.8	41.8	36.3	1421	35.5	31.8	76.6	2894	2023.8	870.6	75.6	38.6	10.7	5.6	2.9312041999344	5.22	91.07142857142858
1996-05-01	14.94	41.4	34.3	4.8	17275	26.6	461	46	97	15.2	4296	38.5	26.7	38.7	38.8	41.9	36.4	1425	35.5	31.9	76.6	2887	2015	871.9	77.3	38.8	10.2	5.6	2.9312041999344	5.24	82.14285714285714
1996-06-01	14.99	41.5	34.4	4.8	17309	26.5	463	46.5	96	15	4324	39	26.7	38.6	38.9	41.9	36.5	1430	35.6	31.9	76.6	2884	2014.7	869.7	81.3	39.6	10.4	5.3	2.9312041999344	5.27	96.22641509433964
1996-07-01	15.15	41.4	34.3	4.8	17323	26.5	461	45.8	96	15	4345	38.7	26.7	38.6	38.8	41.7	36.5	1441	35.5	31.9	76.5	2877	2008.9	868	82.9	39.7	10.6	5.5	2.9312041999344	5.4	92.72727272727272
1996-08-01	15.21	41.5	34.4	4.8	17376	26.5	462	45.9	95	14.9	4368	38.9	26.7	38.7	39.1	41.8	36.4	1449	35.6	31.9	76.6	2873	2003.7	869	84.5	39.8	10.6	5.1	2.9312041999344	5.22	107.84313725490198
1996-09-01	15.4	41.6	34.4	4.9	17393	26.5	460	46.1	96	15.1	4389	38.8	26.7	38.6	39.2	42.3	36.6	1451	35.6	32	76.6	2866	1999	867.3	83.4	39.7	10.6	5.2	2.9312041999344	5.3	103.84615384615384
1996-10-01	15.4	41.4	34.4	4.8	17441	26.5	461	46.1	96	15.1	4421	39.1	26.7	38.7	39.4	41.8	36.4	1451	35.6	31.9	76.6	2845	1978.3	866.3	82.6	39.9	10.7	5.2	2.9312041999344	5.24	105.76923076923076
1996-11-01	15.28	41.5	34.4	4.9	17458	26.5	464	46.3	96	15	4434	39.1	26.8	38.7	39.3	41.9	36.2	1455	35.7	32	76.6	2845	1978.3	866.2	81.4	38.8	10.6	5.4	2.9312041999344	5.31	96.29629629629628
1996-12-01	15.33	41.7	34.4	4.9	17482	26.4	465	46.5	96	15	4446	39.1	26.8	38.7	39.1	42	36.3	1452	35.6	31.9	76.6	2839	1972.7	866.3	80.3	38.6	10.5	5.4	2.9312041999344	5.29	94.44444444444444
1997-01-01	15.4	41.4	34.3	4.9	17478	26.4	469	45.5	97	15	4430	37.8	26.8	38.7	38.8	41.6	36.3	1458	35.7	32	76.6	2845	1976.5	868.6	79.6	36.5	10.8	5.3	2.33768993730741	5.25	103.77358490566036
1997-02-01	15.36	41.6	34.4	5	17557	26.4	472	46.9	97	15	4493	38.7	26.8	38.8	39	41.8	36.2	1464	35.7	32	76.6	2838	1969.2	869.2	79	37.5	10.7	5.2	2.33768993730741	5.19	105.76923076923076
1997-03-01	15.35	41.8	34.5	5.1	17575	26.4	474	47.1	97	15	4488	39.1	26.8	38.8	39.1	42.1	36.4	1472	35.6	32	76.6	2836	1966.3	870.1	76.9	38.4	10.5	5.2	2.33768993730741	5.39	101.92307692307692
1997-04-01	15.42	41.8	34.5	5.1	17599	26.4	477	46.4	97	14.9	4504	39.3	26.8	38.8	39	42.3	36.5	1475	35.7	32.1	76.6	2816	1966.2	849.4	76.7	38.8	10.2	5.1	2.33768993730741	5.51	100
1997-05-01	15.5	41.7	34.6	5.1	17648	26.4	480	46.6	98	15	4535	39.3	26.9	39	39	42.2	36.3	1482	35.8	32.3	76.6	2813	1956.1	856.8	78.9	39.6	10.3	4.9	2.33768993730741	5.5	110.20408163265304
1997-06-01	15.54	41.6	34.3	4.9	17658	26.4	480	46.2	98	15	4531	39	26.9	38.6	38.8	42.2	36.1	1486	35.7	32.1	76.6	2815	1959.5	855.9	82.8	39.5	10.8	5	2.33768993730741	5.56	116
1997-07-01	15.66	41.6	34.5	5	17678	26.3	480	46.1	99	15.1	4553	39.1	26.9	38.8	38.6	42.1	36.2	1486	35.8	32.3	76.5	2778	1913.6	864.4	84.8	40	9.5	4.9	2.33768993730741	5.52	93.87755102040816
1997-11-01	15.92	41.8	34.5	5.2	17870	26.3	481	46.1	100	15.2	4612	38.2	27	38.6	39.6	42	36.5	1490	35.8	32.2	76.5	2796	1925.3	870.9	84.4	37.9	9.5	4.6	2.33768993730741	5.52	106.5217391304348
1997-12-01	16.01	42	34.6	5.3	17928	26.3	484	46.1	100	15.2	4644	39	27	38.8	39.5	41.7	36.5	1493	35.6	32.3	76.5	2789	1915.9	872.9	82.9	38.5	10	4.7	2.33768993730741	5.5	112.7659574468085
1998-01-01	15.91	41.9	34.6	5.2	17973	26.2	485	46.4	101	15.3	4670	38.6	27	38.9	39.4	42.2	36.5	1494	36.1	32.3	76.5	2772	1902	869.7	78.4	37.4	9.4	4.6	1.55227909874362	5.56	104.34782608695654
1998-03-01	15.95	41.6	34.5	5.1	17943	26.3	483	45.2	101	15.3	4638	38.7	27	38.7	38.8	42	36.5	1492	36	32.2	76.5	2762	1892.4	870	74.9	38	9.2	4.7	1.55227909874362	5.49	95.7446808510638
1998-04-01	16	41.2	34.4	4.7	18038	26.2	481	44.8	100	15.3	4743	38.6	27	38.6	38.9	41.4	36.4	1495	36	32.2	76.5	2752	1880.6	871	73.8	38.1	9.1	4.3	1.55227909874362	5.45	111.6279069767442
1998-05-01	16.07	41.5	34.5	4.9	18036	26.2	479	45.3	100	15.4	4767	38.9	27	38.6	39	41.9	36.6	1503	36.1	32.3	76.5	2762	1888.8	873.1	77.1	39.3	8.9	4.4	1.55227909874362	5.49	102.27272727272724
1998-06-01	16.1	41.4	34.4	4.8	18041	26.1	476	44.8	100	15.4	4796	38.6	27	38.7	38.6	42.1	36.7	1510	35.9	32.2	76.5	2762	1883	878.9	80.8	39.1	8.8	4.5	1.55227909874362	5.56	95.55555555555556
1998-08-01	16.4	41.4	34.5	4.8	18032	26	469	44.7	100	15.6	4861	39.2	27	38.7	38.5	42.1	36.3	1520	35.9	32.2	76.6	2776	1895.1	881.2	83.8	40.1	8.8	4.5	1.55227909874362	5.55	95.55555555555556
1998-09-01	16.42	41.3	34.3	4.7	18047	26.1	465	44.2	100	15.7	4867	38.4	27	38.6	38.2	42.3	36.6	1524	35.8	32.2	76.5	2772	1888.3	883.2	83.9	37.5	9.1	4.6	1.55227909874362	5.51	97.82608695652176
1998-10-01	16.52	41.4	34.5	4.8	18036	25.9	462	44.6	99	15.7	4901	39	27	38.6	38.4	42.2	36.7	1534	36	32.2	76.4	2778	1889.3	889.1	83.8	39.9	8.6	4.5	1.55227909874362	5.07	91.1111111111111
1998-11-01	16.47	41.4	34.4	4.8	18015	25.9	460	44.6	99	15.8	4921	38.7	27	38.7	38.3	42.5	36.7	1539	36	32.1	76.5	2790	1896.9	893.3	82.1	38.5	8.6	4.4	1.55227909874362	4.83	95.45454545454544
1998-12-01	16.53	41.5	34.5	4.8	18072	25.8	459	44.4	100	15.9	4988	39.7	26.9	38.6	38.1	41.8	36.7	1546	35.9	32.2	76.5	2785	1886.4	898.5	81.6	39.1	7.7	4.4	1.55227909874362	4.68	75
1999-02-01	16.34	41.4	34.4	4.8	18031	25.8	442	44.1	99	16.2	5014	39	27	38.6	38.1	42.5	36.8	1572	36	32.2	76.5	2773	1882.3	890.2	77.6	37.9	8.2	4.4	2.18802719697358	4.76	86.36363636363633
1999-03-01	16.46	41.3	34.3	4.8	17991	25.8	440	43.9	100	16.4	4989	38.4	26.9	38.5	37.9	42.4	36.8	1571	35.9	32.1	76.5	2767	1876.7	889.8	75.3	37.7	8	4.2	2.18802719697358	4.81	90.47619047619048
1999-04-01	16.52	41.3	34.4	4.8	18031	25.8	437	44.3	98	16.3	5054	38.8	27	38.7	37.7	42.2	36.8	1576	35.8	32.1	76.6	2793	1883.5	909	73	38.6	7.8	4.3	2.18802719697358	4.74	81.39534883720931
1999-05-01	16.68	41.4	34.3	4.8	18047	25.8	434	44.3	97	16.3	5079	38.9	27	38.6	37.5	42.2	36.7	1586	35.4	32.1	76.6	2764	1873.3	890.5	77.1	39.3	7.4	4.2	2.18802719697358	4.74	76.19047619047619
1999-07-01	16.88	41.4	34.4	4.8	18081	25.7	435	44.5	96	16.1	5121	38.9	27.1	38.7	37.5	42.1	36.6	1595	36.1	32.1	76.5	2765	1874.7	890.7	85.8	39.8	8.7	4.3	2.18802719697358	4.99	102.32558139534883
1999-08-01	16.92	41.5	34.4	4.9	18073	25.7	437	44.4	95	16	5134	39	27.1	38.6	37.8	41.9	36.9	1610	35.9	32.1	76.5	2773	1886.1	886.8	86.4	39.9	7.7	4.2	2.18802719697358	5.07	83.33333333333333
1999-09-01	17.07	41.4	34.3	4.9	18088	25.7	436	44.5	94	15.9	5157	39.4	27.1	38.7	37.3	41.6	36.9	1621	35.9	32.1	76.6	2766	1881.5	884.7	85.1	38.6	8.5	4.2	2.18802719697358	5.22	102.38095238095238
1999-10-01	17.15	41.4	34.4	4.9	18102	25.7	439	44.4	93	15.7	5179	39.3	27.1	38.9	37.3	41.6	36.9	1632	36	32.2	76.7	2766	1883.1	882.5	86.4	39.9	8.4	4.1	2.18802719697358	5.2	104.8780487804878
1999-11-01	17.04	41.4	34.4	4.9	18150	25.7	439	44.1	93	15.7	5223	39.7	27.1	38.7	37.1	41.3	36.8	1640	35.8	32.1	76.7	2767	1882.3	884.8	83.5	39.5	8	4.1	2.18802719697358	5.42	95.1219512195122
1999-12-01	17.1	41.4	34.4	4.9	18168	25.6	440	44	92	15.5	5238	39.2	27.2	38.8	37.4	41.2	36.6	1646	35.9	32.1	76.7	2771	1881.1	890	79.9	38.8	7.8	4	2.18802719697358	5.3	95
2000-01-01	17.03	41.5	34.4	4.9	18191	25.6	439	44.5	92	15.5	5261	39.3	27.2	38.9	37.4	41.5	36.9	1663	35.9	32.2	76.7	2768	1887.3	880.8	78.2	38.3	8.2	4	3.37685727149935	5.45	105
2000-02-01	17.06	41.5	34.4	5	18186	25.7	439	44.2	92	15.5	5266	39.7	27.2	38.8	37.4	41.5	36.8	1667	35.8	32.2	76.8	2796	1915.5	880.8	78.2	38.6	8.1	4.1	3.37685727149935	5.73	97.5609756097561
2000-04-01	17.3	41.6	34.4	4.9	18220	25.6	441	44.5	92	15.4	5302	39.4	27.1	38.9	37.7	41.9	37	1688	36	32.2	76.7	2911	2026.6	884.4	71.4	39	7	3.8	3.37685727149935	6.02	84.2105263157895
2000-05-01	17.32	41.2	34.3	4.7	18189	25.6	443	44.1	91	15.2	5282	39.1	27.2	38.6	37.4	42.1	36.6	1693	35.8	32.1	76.7	3244	2363.6	880.2	75.5	39.5	7.7	4	3.37685727149935	6.27	92.5
2000-07-01	17.53	41.5	34.3	4.7	18227	25.6	447	44.7	92	15.3	5306	39.1	27.3	38.8	37.3	42.2	36.9	1708	35.7	32.2	76.7	2942	2063.5	878.3	83.5	39.9	7.7	4	3.37685727149935	6.54	92.5
2000-08-01	17.65	41	34.2	4.6	18183	25.5	445	44.5	92	15.3	5307	39.2	27.3	38.7	37.2	42.1	36.5	1676	35.8	32.2	76.7	2868	1978.7	889	83.3	40.1	7.9	4.1	3.37685727149935	6.5	92.68292682926833
2000-10-01	17.82	41.1	34.3	4.6	18127	25.5	454	44.6	92	15.2	5316	39.6	27.3	38.7	37.2	42.8	36.6	1720	35.8	32.2	76.8	2736	1857.7	877.8	83.2	40.1	7.3	3.9	3.37685727149935	6.51	87.17948717948718
2000-12-01	17.83	40.4	34	4.1	18046	25.4	450	44	91	15.1	5289	38.7	27.3	38.6	37.2	42.5	36.7	1732	36	32.2	76.7	2745	1866	878.6	76.2	38	7.4	3.9	3.37685727149935	6.4	89.74358974358975
2001-01-01	17.77	40.6	34.2	4.2	17993	25.3	452	44.4	91	15	5312	38.9	27.3	38.7	37	42.3	36.9	1730	35.7	32.3	76.8	2753	1873.6	879.6	74.5	38	8.2	4.2	2.82617111885402	5.98	95.2380952380952
2001-02-01	17.77	40.5	34	4	17933	25.3	453	44.6	90	14.9	5325	38.3	27.3	38.4	36.8	41.7	36.9	1730	35.7	32.3	76.8	2752	1871.4	880.1	70.9	37.6	7.7	4.2	2.82617111885402	5.49	83.33333333333333
2001-03-01	17.83	40.5	34.1	4.1	17919	25.2	458	44.9	90	14.8	5376	38.8	27.2	38.5	36.8	41.8	36.9	1725	35.7	32.3	76.7	2755	1877.1	877.4	68.7	38.3	8.3	4.3	2.82617111885402	5.31	93.02325581395353
2001-04-01	17.75	40.4	34	4.1	17787	25.2	458	45	90	14.8	5347	38.7	27.2	38.4	36.9	41.9	37	1709	35.8	32.3	77.1	2755	1880.7	874.2	66.5	37.9	8	4.4	2.82617111885402	4.8	81.81818181818181
2001-05-01	17.86	40.4	34	4	17676	25.1	459	44.8	91	14.9	5358	38.9	27.1	38.4	36.8	41.5	36.9	1699	35.6	32.3	77	2758	1883.7	873.8	70.4	39.3	7.9	4.3	2.82617111885402	4.21	83.72093023255816
2001-06-01	17.93	40.3	34	4	17554	25	461	44.5	91	14.9	5354	38.7	27	38.4	36.8	41.7	37	1690	36.2	32.4	77.1	2780	1906.4	873.7	75.4	39.3	8.3	4.5	2.82617111885402	3.97	84.44444444444446
2001-07-01	18.02	40.6	34	4.2	17452	24.9	462	44.5	91	14.9	5358	38.8	27	38.4	36.6	41.3	36.9	1681	35.9	32.4	77.1	2783	1910	872.7	76.3	39.5	8	4.6	2.82617111885402	3.77	73.91304347826089
2001-10-01	18.21	40.1	33.7	3.8	17051	24.7	456	44.2	89	14.8	5309	38.3	26.7	38.1	36.2	41	36.9	1649	35.7	32.2	77.1	2763	1894.7	867.8	76.9	38.8	9.5	5.3	2.82617111885402	2.49	79.24528301886792
2001-12-01	18.27	40.2	33.8	3.7	16833	24.6	450	44.6	89	14.9	5302	38.8	26.6	38.1	36.2	40.8	36.9	1629	35.7	32.4	77.1	2751	1885.4	865.2	72.1	38.1	10.1	5.7	2.82617111885402	1.82	77.19298245614034
2002-01-01	18.17	40.2	33.7	3.9	16744	24.5	454	43.3	87	14.5	5297	38.8	26.5	38.1	36.5	40.2	36.7	1616	35.6	32.1	77.1	2756	1893.8	862.6	69.1	38	10	5.7	1.58603162650603	1.73	75.43859649122805
2002-02-01	18.2	40.2	33.8	3.9	16688	24.5	452	43.7	88	14.8	5285	38.6	26.4	38	36.7	40.8	36.6	1603	35.7	32.3	77.1	2757	1899.3	857.5	69.3	37.9	9.9	5.7	1.58603162650603	1.74	73.6842105263158
2002-03-01	18.26	40.5	33.9	4.1	16605	24.4	447	43.5	87	14.8	5257	38.2	26.4	38	36.7	40.7	36.6	1595	35.7	32.4	77.1	2755	1900.3	854.6	66.5	37.8	10.5	5.7	1.58603162650603	1.73	84.21052631578947
2002-04-01	18.34	40.6	33.9	4.3	16513	24.4	444	43.2	86	14.7	5210	38.7	26.3	38	36.8	40.2	36.5	1584	35.6	32.4	77.1	2755	1905.2	849.6	65	38.2	10.7	5.9	1.58603162650603	1.75	81.35593220338981
2002-09-01	18.8	40.5	33.9	4.2	16249	24.2	426	43	84	14.6	5155	38.6	26	38	36.8	41	36.4	1520	35.6	32.5	77	2768	1938.7	829.2	73.5	39.3	9.7	5.7	1.58603162650603	1.75	70.1754385964912
2002-11-01	18.71	40.4	33.8	4.2	16178	24.1	427	42.1	84	14.6	5168	38	25.9	37.9	36.7	41.2	36.6	1509	35.7	32.4	77	2781	1956.8	823.9	72.9	37.8	10.7	5.9	1.58603162650603	1.34	81.35593220338981
2002-12-01	18.91	40.5	33.8	4.3	16092	24.1	428	43	83	14.4	5141	38.3	25.9	37.8	36.7	41.2	36.5	1485	35.7	32.4	77	2780	1961	819.3	71.5	37.6	11.3	6	1.58603162650603	1.24	88.33333333333336
2003-01-01	18.69	40.3	33.7	4.2	16033	24	425	43	83	14.4	5124	38.5	25.8	37.6	36.7	41.3	35.9	1474	35.6	32.4	77.1	2789	1967.5	821.7	68.4	37.9	10.5	5.8	2.27009497336113	1.24	81.03448275862068
2003-03-01	18.74	40.4	33.8	4.1	15834	24.1	419	44.2	81	14.2	5058	38.6	25.9	37.8	36.6	41.5	36.3	1452	35.6	32.3	77.1	2791	1974.4	817	64.2	38.2	10.3	5.9	2.27009497336113	1.25	74.57627118644068
2003-04-01	18.84	40.1	33.6	4.1	15765	24	415	43.4	80	14.1	5094	38	25.9	37.7	36.5	41	36.2	1443	35.5	32.2	77.1	2769	1953.7	815.6	62.1	37.5	10.9	6	2.27009497336113	1.26	81.66666666666667
2003-05-01	18.86	40.3	33.7	4.1	15742	23.9	418	43.8	79	13.9	5106	38.5	25.8	37.8	36.5	40.8	36.4	1433	35.6	32.3	77.1	2753	1957	796	66.2	38.8	10.9	6.1	2.27009497336113	1.26	78.68852459016395
2003-06-01	18.91	40.3	33.6	4.1	15698	23.8	420	43.8	80	14	5113	38.5	25.7	37.8	36.6	40.9	36.4	1427	35.6	32.3	77.2	2763	1951.4	811.6	71.6	39	11.5	6.3	2.27009497336113	1.22	82.53968253968253
2003-07-01	19	40.1	33.6	4.1	15630	23.8	418	43.3	78	13.7	5119	38.4	25.7	37.8	36.7	41	36.3	1419	35.5	32.3	77.2	2760	1951.4	808.4	71.4	39	10.9	6.2	2.27009497336113	1.01	75.80645161290323
2003-08-01	19.08	40.2	33.7	4.1	15641	23.7	417	43.7	78	13.7	5140	38.6	25.7	38	36.7	41.1	36.3	1412	35.6	32.4	77.2	2751	1946.2	804.9	72.3	39.5	10.9	6.1	2.27009497336113	1.03	78.68852459016395
2003-09-01	19.19	40.5	33.6	4.2	15639	23.6	416	43.7	79	13.9	5164	38.4	25.6	37.9	36.9	40.4	36.1	1404	35.5	32.2	77.3	2749	1948	801.4	72.4	39.1	11.1	6.1	2.27009497336113	1.01	81.9672131147541
2003-10-01	19.12	40.6	33.7	4.3	15624	23.6	421	43.7	79	13.8	5149	38.4	25.6	38.2	37	41.1	36.1	1402	35.5	32.3	77.3	2742	1943.8	798.2	73.8	38.9	11.4	6	2.27009497336113	1.01	90.00000000000001
2003-11-01	19.07	40.9	33.8	4.5	15627	23.6	423	44	79	13.7	5165	38.5	25.6	38	37	41.7	36.3	1401	35.5	32.4	77.3	2728	1933.9	794.1	72.8	38.3	10.2	5.8	2.27009497336113	1	75.86206896551724
2003-12-01	19.09	40.7	33.6	4.5	15637	23.5	426	43.5	79	13.7	5180	38	25.6	37.9	36.6	40.8	36.1	1403	35.4	32.4	77.3	2740	1941.5	798.7	69.3	37.4	10.1	5.7	2.27009497336113	0.98	77.19298245614034
2004-01-01	19.01	40.9	33.7	4.5	15645	23.5	425	44.2	80	13.9	5193	38.1	25.5	37.9	36.8	40.9	36.2	1389	35.6	32.3	77.2	2732	1938	793.5	65.4	37.5	10.4	5.7	2.67723669309173	1	82.45614035087718
2004-02-01	19.06	41	33.8	4.5	15635	23.5	424	44.2	80	13.9	5199	38.4	25.5	38	37.2	41.2	36.3	1385	35.6	32.4	77.2	2731	1938.3	792.5	65	37.2	9.7	5.6	2.67723669309173	1.01	73.21428571428572
2004-03-01	19.06	40.9	33.7	4.6	15694	23.5	433	44.4	80	13.7	5236	38.6	25.5	38	37	41.2	36.2	1378	35.5	32.3	77.2	2731	1941.2	790.2	64.3	38.3	10.3	5.8	2.67723669309173	1	77.58620689655173
2004-04-01	19.15	40.7	33.7	4.5	15730	23.5	436	44.2	80	13.7	5234	37.9	25.5	37.9	36.9	41.1	36.2	1373	35.6	32.4	77.2	2753	1964.5	788	63.8	37.7	9.8	5.6	2.67723669309173	1	75.00000000000003
2004-05-01	19.15	41.1	33.8	4.6	15812	23.4	441	44.1	80	13.5	5280	38.3	25.4	37.9	37.4	41.2	36.2	1376	35.7	32.4	77.2	2730	1946.5	783.8	66.4	38.7	10.1	5.6	2.67723669309173	1	80.35714285714286
2004-07-01	19.24	40.8	33.7	4.6	15852	23.4	444	44.5	79	13.3	5313	38.4	25.4	37.8	37.1	40.7	36.3	1368	35.6	32.6	77.3	2729	1948.4	780.9	69.6	39.1	11	5.5	2.67723669309173	1.26	100
2004-09-01	19.41	40.7	33.7	4.6	15914	23.3	451	44.8	79	13.2	5359	38.4	25.4	37.8	37.4	41.2	36.2	1348	35.6	32.4	77.3	2729	1950.6	778	71.4	37.6	10.3	5.4	2.67723669309173	1.61	90.74074074074076
2004-10-01	19.46	40.6	33.8	4.5	15949	23.3	444	44.8	79	13.3	5402	38.2	25.3	37.8	37.4	40.7	36.4	1348	35.8	32.5	77.2	2724	1947.4	776.9	70.4	38.7	10.8	5.5	2.67723669309173	1.76	96.3636363636364
2004-11-01	19.34	40.5	33.7	4.4	15930	23.2	449	45.1	79	13.2	5403	38.4	25.3	37.7	37.4	40.5	36.3	1346	35.7	32.4	77.2	2727	1951.5	775.2	68.7	38.2	10.7	5.4	2.67723669309173	1.93	98.14814814814812
2004-12-01	19.3	40.6	33.8	4.5	15955	23.2	451	45.4	79	13.1	5441	38.6	25.3	37.7	37.4	40.7	36.3	1355	35.7	32.6	77.2	2728	1951.6	776.4	67.4	38.2	10.7	5.4	2.67723669309173	2.16	98.14814814814812
2005-01-01	19.1	40.7	33.7	4.6	15902	23.2	454	45.3	79	13	5403	37.6	25.3	37.8	37.7	41	36.4	1348	35.8	32.6	77.2	2727	1950.3	776.6	65.3	36.8	10.6	5.3	3.39274684549547	2.28	100
2005-02-01	19.18	40.6	33.8	4.6	15977	23.1	457	45.3	78	12.8	5468	38.2	25.2	37.8	37.2	40.6	36.5	1346	35.9	32.6	77.3	2728	1953.1	774.9	65	37.1	10.9	5.4	3.39274684549547	2.5	101.85185185185186
2005-03-01	19.24	40.4	33.7	4.4	16003	23.1	461	45.4	79	12.8	5486	38.1	25.2	37.7	37.1	40.4	36.5	1342	35.9	32.6	77.2	2733	1957.9	774.7	63.7	37.8	10.5	5.2	3.39274684549547	2.63	101.92307692307692
2005-05-01	19.29	40.4	33.7	4.4	16109	23.1	468	45.8	80	12.9	5580	38.5	25.1	37.6	37.1	41	36.6	1334	36	32.6	77.2	2734	1957.3	776.4	62.1	38.9	10.1	5.1	3.39274684549547	3	98.03921568627452
2005-06-01	19.36	40.4	33.7	4.4	16129	23	473	45.3	79	12.6	5609	38.6	25.1	37.6	36.9	41.2	36.4	1327	36.1	32.6	77.3	2733	1956.3	776.4	64.9	39.2	10.2	5	3.39274684549547	3.04	104
2005-07-01	19.55	40.4	33.7	4.4	16133	23	472	45.6	79	12.6	5622	38.3	25.2	37.6	36.9	41.2	36.5	1330	36.1	32.7	77.3	2728	1954	774.4	67.3	38.8	9.2	5	3.39274684549547	3.26	83.99999999999999
2005-09-01	19.68	40.7	33.8	4.5	16207	23	481	46	79	12.4	5680	38.5	25.2	37.8	36.6	41.4	36.6	1330	36.1	32.6	77.3	2732	1956.8	775.4	68.3	39.4	9.4	5	3.39274684549547	3.62	88.00000000000001
2005-10-01	19.74	41	33.8	4.6	16280	22.9	486	45.9	78	12.2	5721	38.6	25.1	37.8	36.7	41.3	36.6	1322	36	32.5	77.3	2735	1960.6	774.5	67.9	39.1	9.1	5	3.39274684549547	3.78	81.99999999999999
2005-11-01	19.6	40.9	33.8	4.6	16363	22.8	489	44.9	79	12.2	5781	39.3	25.1	37.8	36.7	41.4	36.5	1324	35.9	32.5	77.3	2739	1963.8	775.4	66.4	39.1	10.6	5	3.39274684549547	4	112
2006-01-01	19.5	41	33.8	4.6	16493	22.7	497	45.8	79	12	5843	39.1	25	37.9	36.6	40.9	36.6	1324	35.9	32.5	77.3	2727	1953.8	772.7	63.3	38.2	8.9	4.7	3.22594410070407	4.29	89.36170212765957
2006-02-01	19.56	41.1	33.8	4.6	16553	22.7	501	45.4	79	11.9	5888	38.8	24.9	37.9	36.6	41.1	36.5	1320	35.7	32.5	77.3	2733	1958.9	774.1	62.9	38.1	9.5	4.8	3.22594410070407	4.49	97.91666666666669
2006-04-01	19.61	41.2	33.9	4.4	16649	22.5	514	45.7	82	12.1	5945	39.1	24.8	38.1	36.7	41.3	36.7	1316	35.7	32.5	77.3	2733	1962.1	771.2	60.7	38.4	9.4	4.7	3.22594410070407	4.79	100
2006-06-01	19.99	41.2	33.9	4.5	16637	22.5	521	45.9	81	11.8	5926	39	24.8	38	36.9	41.2	36.6	1310	35.6	32.6	77.3	2736	1964.3	771.5	66.1	39.6	8.9	4.6	3.22594410070407	4.99	93.47826086956525
2006-07-01	20.13	41.4	33.9	4.6	16625	22.4	523	45.9	82	11.9	5925	38.9	24.7	38.1	37	41.6	36.8	1302	35.7	32.4	77.3	2740	1965.9	773.8	67.3	39.4	9.5	4.7	3.22594410070407	5.24	102.1276595744681
2006-08-01	20.23	41.2	33.8	4.4	16618	22.4	526	45.5	82	11.8	5934	39.1	24.6	38	36.9	41.8	36.6	1302	35.5	32.4	77.3	2733	1963.8	769	67	39.9	8.8	4.7	3.22594410070407	5.25	87.2340425531915
2006-09-01	20.36	41.1	33.8	4.2	16566	22.5	529	45.3	82	11.8	5917	38.5	24.9	38	36.8	41.5	36.7	1296	35.7	32.4	77.3	2732	1963.3	768.8	66	39.3	9	4.5	3.22594410070407	5.25	100
2006-10-01	20.45	41.2	33.9	4.2	16483	22.6	530	45.8	83	11.9	5882	39.3	24.8	38	36.9	41.8	36.8	1288	35.9	32.4	77.4	2731	1963.1	768.1	65.4	39.8	8.4	4.4	3.22594410070407	5.25	90.90909090909088
2006-11-01	20.43	41	33.8	4.1	16433	22.6	529	46	83	11.8	5857	39	24.9	38.1	36.8	41.8	36.3	1290	35.8	32.3	77.4	2729	1961.8	767.3	64.2	38.9	8.5	4.5	3.22594410070407	5.25	88.88888888888889
2007-01-01	20.44	41	33.8	4.1	16487	22.6	532	45.1	85	12	5919	39.1	24.9	37.9	37	41.9	36.5	1284	35.9	32.4	77.5	2731	1964	766.6	60.6	37.9	7.9	4.6	2.85267248150136	5.25	71.73913043478264
2007-03-01	20.55	41.3	33.9	4.3	16462	22.6	542	46	87	12.2	5909	39.1	24.9	38.1	37	42.4	36.7	1284	36	32.5	77.5	2731	1965.1	765.7	58.8	38.7	8.4	4.4	2.85267248150136	5.26	90.90909090909088
2007-04-01	20.64	41.3	33.8	4.2	16451	22.6	546	46.1	89	12.4	5899	38.8	24.9	38.2	36.7	42.6	36.6	1286	36	32.6	77.6	2732	1965.3	766.4	56.9	38.4	8.3	4.5	2.85267248150136	5.25	84.44444444444446
2007-05-01	20.86	41.2	33.8	4.2	16461	22.6	548	45.9	92	12.8	5906	38.9	24.9	38.4	36.9	42.4	36.4	1288	35.8	32.5	77.6	2733	1962.9	770.5	58.3	39.3	8.3	4.4	2.85267248150136	5.25	88.63636363636364
2007-06-01	20.92	41.4	33.9	4.3	16496	22.6	550	45.7	93	12.8	5950	38.9	24.9	38.3	37	42.6	36.4	1288	36	32.5	77.6	2729	1960	769	61.7	39.7	8.5	4.6	2.85267248150136	5.25	84.7826086956522
2007-07-01	21.02	41.3	33.8	4.2	16480	22.7	551	45.9	94	12.9	5939	38.9	25	38.2	36.7	42.7	36.6	1287	35.9	32.5	77.6	2727	1964.5	762.8	61.4	39.4	8.1	4.7	2.85267248150136	5.26	72.34042553191489
2007-09-01	21.32	41.3	33.8	4.2	16350	22.7	547	46.2	97	13.4	5870	39	25	38.3	36.8	42.7	36.5	1287	35.9	32.6	77.5	2737	1966	771.1	61.6	39.5	8	4.7	2.85267248150136	4.94	70.2127659574468
2007-10-01	21.26	41.2	33.8	4.1	16325	22.7	548	45.9	98	13.5	5866	38.8	25	38.2	36.7	42.3	36.3	1286	35.7	32.6	77.4	2734	1965.7	768.6	60.5	39.6	8.5	4.7	2.85267248150136	4.76	80.85106382978722
2007-11-01	21.27	41.3	33.8	4.2	16305	22.8	552	46	98	13.3	5833	39.1	25.1	38.1	36.7	42.4	36.2	1281	35.8	32.5	77.5	2744	1969.8	773.8	60.3	39	8.5	4.7	2.85267248150136	4.49	80.85106382978722
2007-12-01	21.39	41.1	33.8	4.1	16280	22.8	559	45.9	97	13.1	5797	39.1	25.1	38.4	36.8	42.8	36.2	1284	35.8	32.6	77.5	2756	1974.4	781.7	59.6	38.6	9	5	2.85267248150136	4.24	80
2008-01-01	21.25	41.1	33.7	4.1	16255	22.8	560	45	99	13.3	5781	39.2	25.1	38.2	36.4	43.2	36.2	1279	35.7	32.4	77.5	2738	1981	756.9	57.8	37.9	9.1	5	3.83910029665101	3.94	81.99999999999999
2008-03-01	21.44	41.3	33.8	4.1	16153	22.8	566	46.2	100	13.2	5721	38.9	25.2	38.4	36.7	43.3	36.5	1275	35.8	32.6	77.5	2752	1991.4	760.1	55	38.5	9.2	5.1	3.83910029665101	2.61	80.3921568627451
2008-04-01	21.49	41.1	33.7	4	16026	22.8	566	44.6	99	13.1	5650	38.8	25.1	38.3	36.6	42.6	36.6	1273	35.9	32.6	77.5	2755	1997.1	758.3	54.5	38.4	8.6	5	3.83910029665101	2.28	72
2008-05-01	21.61	41	33.7	3.9	15958	22.8	567	44.6	100	13.1	5612	38.4	25.1	38.3	36.4	42.7	36.7	1272	36	32.6	77.5	2757	2002.8	754.2	55.3	38.6	9.6	5.4	3.83910029665101	1.98	77.77777777777777
2008-08-01	22.17	40.9	33.7	3.7	15662	22.8	585	45.5	102	13.1	5491	38.6	25	38.3	36.3	42.3	36.9	1256	36	32.5	77.5	2766	2023.3	742.6	57.9	39.5	10.6	6.1	3.83910029665101	2	73.7704918032787
2008-09-01	22.36	40.5	33.6	3.5	15521	22.8	589	44.6	101	12.9	5428	38.3	25	38.2	36.3	42.8	37	1249	36	32.4	77.5	2768	2028.4	739.9	58.4	38.9	11.3	6.1	3.83910029665101	1.81	85.2459016393443
2008-11-01	22.34	40.1	33.4	3.2	15103	22.9	584	45.9	103	13.3	5229	37.8	24.9	38.3	36	42.4	36.8	1237	36.1	32.4	77.6	2778	2044.7	733.6	57.3	37.9	11.5	6.8	3.83910029665101	0.39	69.11764705882352
2008-12-01	22.55	39.8	33.3	2.9	14852	23	577	44.4	104	13.5	5138	37.8	25	37.9	36.3	42.9	37	1225	36	32.3	77.5	2775	2049.6	725.7	55	37.3	12.1	7.3	3.83910029665101	0.16	65.75342465753424
2009-01-01	22.35	39.7	33.2	2.9	14472	22.9	570	43.9	103	13.5	5013	37.7	24.9	38	35.9	43	37.1	1217	36.2	32.2	77.6	2786	2059.5	726.4	53.3	37.1	12.7	7.8	-0.35554626629975	0.15	62.82051282051282
2009-02-01	22.29	39.6	33.3	2.7	14224	22.9	563	44.3	102	13.6	4920	38.1	24.8	38	35.7	43.3	36.8	1214	36.3	32.3	77.6	2795	2068.2	727	52.9	37	13.7	8.3	-0.35554626629975	0.22	65.0602409638554
2009-03-01	22.49	39.3	33.1	2.6	13926	23	542	43.4	100	13.7	4792	37.7	24.7	37.7	35.7	42.4	36.7	1202	36.1	32.3	77.6	2797	2075	721.5	47.7	37.2	13.7	8.7	-0.35554626629975	0.18	57.47126436781609
2009-05-01	22.58	39.3	33	2.8	13454	23.1	510	43	98	14.1	4633	37.7	24.9	37.6	35.8	41.9	36.6	1176	36.1	32.2	77.5	2860	2151.6	708.4	47.7	38	15	9.4	-0.35554626629975	0.18	59.57446808510638
2009-07-01	22.73	39.9	33.1	3	13157	23.1	495	43.1	98	14.5	4490	37.8	24.8	37.5	36.1	41.8	36.5	1162	36	32.2	77.6	2826	2119.8	706.3	50.6	38.8	14.8	9.5	-0.35554626629975	0.16	55.78947368421054
2009-08-01	22.78	40	33.1	3	13055	23.2	486	43.3	96	14.3	4421	37.7	24.8	37.6	36.1	41.8	36.4	1151	36.2	32.2	77.5	2825	2129.7	695.5	52	38.9	14.8	9.6	-0.35554626629975	0.16	54.16666666666667
2009-09-01	22.73	40	33.1	3.1	12985	23.2	483	43.2	97	14.6	4369	37.3	24.9	37.4	36.5	41.4	36.5	1153	36	32.1	77.6	2826	2136.6	689.1	53.8	36.6	15.3	9.8	-0.35554626629975	0.15	56.12244897959184
2009-11-01	22.93	40.5	33.3	3.4	12862	23.2	481	43.5	96	14.5	4302	37.9	24.8	37.7	36.3	41.7	36.6	1134	36.2	32.2	77.4	2842	2159	682.7	50.3	37.9	15.7	9.9	-0.35554626629975	0.12	58.58585858585856
2009-12-01	23.01	40.6	33.2	3.5	12809	23.2	483	43.5	96	14.5	4276	37.4	24.7	37.6	36.2	41.4	36.5	1130	36	32.2	77.4	2831	2170.2	661	49.1	36.9	16.1	9.9	-0.35554626629975	0.12	62.62626262626263
2010-01-01	22.98	40.8	33.3	3.6	12756	23.3	489	43.9	95	14.2	4233	37.8	24.8	37.7	36.4	41.4	36.6	1125	36.1	32.2	77.4	2860	2183.7	676.7	47.9	37.2	16.5	9.8	1.64004344238989	0.11	68.36734693877551
2010-02-01	23.01	40.5	33.1	3.4	12688	23.3	496	43.6	95	14.1	4160	37.3	24.7	37.7	36.1	41.6	36.5	1119	36.1	32.1	77.3	2872	2203.8	667.8	48.1	35.6	16.1	9.8	1.64004344238989	0.13	64.28571428571428
2010-03-01	23.01	41	33.3	3.6	12723	23.2	504	44.2	96	14.1	4192	37.7	24.6	37.8	36.5	41.4	36.5	1114	36.2	32.1	77.3	2923	2258.5	664.7	47.7	37.3	16.8	9.9	1.64004344238989	0.16	69.6969696969697
2010-04-01	22.97	41.1	33.4	3.8	12759	23.1	509	44.4	97	14.1	4200	39	24.6	37.9	36.8	41.6	36.4	1109	36.3	32.1	77.4	2984	2323.3	660.5	47.4	38.8	16.6	9.9	1.64004344238989	0.2	67.6767676767677
2010-05-01	23.03	41.4	33.4	4	12766	23.1	519	45.2	97	13.9	4169	38.1	24.6	38	37	42	36.4	1105	36.4	32.1	77.3	3416	2757.1	658.5	49.2	38.4	15.5	9.6	1.64004344238989	0.2	61.45833333333335
2010-07-01	23.24	41.1	33.4	3.8	12782	23	531	44.9	97	13.7	4145	38.2	24.4	38.1	37.4	42.2	36.2	1100	36.1	32	77.2	3051	2396.4	654.8	51.9	39.2	15.6	9.4	1.64004344238989	0.18	65.95744680851064
2010-08-01	23.38	41.2	33.5	3.9	12799	23	537	45.7	99	13.8	4163	38.6	24.4	38.1	37.4	42.1	36.4	1099	36.6	32	77.2	2945	2288.5	656.3	53.1	39.7	15.9	9.5	1.64004344238989	0.19	67.36842105263159
2010-09-01	23.34	41.5	33.5	4	12793	22.9	541	44.9	99	13.7	4154	38.5	24.3	38.2	37.5	42.2	36.2	1097	36.3	32	77.3	2869	2214.4	655	51.9	38.5	16	9.5	1.64004344238989	0.19	68.42105263157893
2010-10-01	23.55	41.2	33.5	4	12815	22.8	547	44.6	99	13.5	4172	38.9	24.2	38.2	37.4	42.8	36.4	1094	36.3	32.2	77.2	2866	2214	652.2	51.9	39.6	15.6	9.4	1.64004344238989	0.19	65.95744680851064
2010-11-01	23.47	41.3	33.5	4	12834	22.8	552	45	100	13.6	4179	38.8	24.1	38.1	37.7	42.3	36.3	1098	36.3	32	77.2	2866	2215.5	650.9	49.6	38.8	16.2	9.8	1.64004344238989	0.19	65.30612244897958
2010-12-01	23.48	41.3	33.5	4	12815	22.9	554	45	99	13.5	4144	38.8	24.1	38.2	37.7	42.3	36.3	1092	36.3	32.1	77.1	2870	2221	648.8	47.5	38.3	15.5	9.3	1.64004344238989	0.18	66.66666666666666
2011-02-01	23.43	41.4	33.5	4.2	12842	22.8	551	45.7	102	13.8	4131	39.1	23.9	38.3	37.9	42.4	36.4	1087	36.4	32.1	77.1	2876	2232.7	643.4	48.1	37.2	15.5	9	3.15684156862206	0.16	72.22222222222223
2011-03-01	23.38	41.4	33.5	4.2	12888	22.7	565	45.9	102	13.5	4140	38.5	23.9	38.4	38	42.6	36.3	1087	36.3	32.1	77	2877	2236.8	639.8	48.1	38.1	15.8	9	3.15684156862206	0.14	75.55555555555556
2011-04-01	23.49	41.3	33.6	4.1	12933	22.6	578	46.6	103	13.4	4143	39.2	23.7	38.5	38	42.6	36.5	1086	36.3	32.2	77	2870	2233.9	635.7	45	38.8	16.5	9.1	3.15684156862206	0.1	81.31868131868131
2011-06-01	23.49	41.4	33.6	4	12999	22.5	596	46.9	104	13.2	4175	39	23.6	38.5	38	42	36.3	1086	36.4	32.2	76.9	2860	2229	631.3	47.7	39.8	16.2	9.1	3.15684156862206	0.09	78.02197802197801
2011-07-01	23.67	41.5	33.7	4.1	13043	22.4	605	46.4	105	13.1	4194	39	23.5	38.5	37.8	41.8	36.4	1087	36.4	32.3	77	2862	2226.3	635.2	50.4	39.7	15.9	9	3.15684156862206	0.07	76.66666666666666
2011-09-01	23.9	41.3	33.6	4	13102	22.3	614	47	106	13	4222	39.1	23.4	38.6	37.7	42.4	36.2	1083	36.5	32.2	76.9	2846	2223.9	622.5	50.7	39.8	15.9	9	3.15684156862206	0.08	76.66666666666666
2011-10-01	23.91	41.5	33.7	4.1	13118	22.3	620	47.8	108	13.2	4224	38.8	23.4	38.7	37.9	41.9	36.3	1083	36.7	32.3	76.9	2850	2223.7	625.9	49.6	39.6	14.6	8.8	3.15684156862206	0.07	65.90909090909089
2011-11-01	23.74	41.5	33.6	4.1	13127	22.2	623	47	108	13.1	4236	39.1	23.3	38.6	37.8	41.7	36.1	1083	36.5	32.2	76.8	2842	2220.9	620.6	50.4	39	15.6	8.6	3.15684156862206	0.08	81.39534883720931
2011-12-01	23.81	41.6	33.7	4.1	13170	22.2	631	47.8	110	13.2	4244	39.2	23.3	38.7	37.6	40.8	36	1082	36.5	32.3	76.7	2836	2218	617.9	49.3	38.8	15.4	8.5	3.15684156862206	0.07	81.17647058823529
2012-01-01	23.6	41.8	33.8	4.2	13216	22.2	638	47.5	110	13.1	4256	39.2	23.2	38.7	37.6	41.1	36.2	1078	36.6	32.3	76.9	2833	2212.8	620	49	37.9	13.6	8.3	2.06933726526059	0.08	63.85542168674696
2012-02-01	23.71	41.7	33.7	4.2	13231	22.2	642	47.5	111	13.1	4237	39.3	23.2	38.8	37.8	40.6	36.1	1082	36.6	32.3	76.9	2828	2210.8	616.9	48.2	38	14	8.3	2.06933726526059	0.1	68.67469879518072
2012-03-01	23.82	41.6	33.7	4.2	13270	22.2	642	47.2	112	13.2	4242	39.2	23.2	38.6	37.6	40.4	36	1080	36.6	32.3	76.8	2828	2211.8	616.1	47.2	38.8	14	8.2	2.06933726526059	0.13	70.73170731707319
2012-04-01	23.73	41.7	33.7	4.2	13288	22.2	647	47.2	111	13.1	4242	39.2	23.2	38.6	37.5	40.9	35.9	1081	36.7	32.2	76.8	2826	2210.3	615.9	45.4	38.9	13.3	8.2	2.06933726526059	0.14	62.19512195121955
2012-05-01	23.84	41.6	33.6	4.2	13279	22.2	652	46.6	112	13.1	4216	39.1	23.2	38.6	37.8	41	35.9	1081	36.5	32.2	76.8	2823	2209.2	614	49.6	39.3	13.5	8.2	2.06933726526059	0.16	64.63414634146343
2012-06-01	23.83	41.7	33.7	4.2	13287	22.3	650	46.9	113	13.2	4225	39.1	23.2	38.6	38.1	40.9	35.9	1080	36.6	32.2	76.8	2824	2210.9	613.2	51.4	39.9	14.5	8.2	2.06933726526059	0.16	76.82926829268295
2012-07-01	24.05	41.7	33.7	4.2	13313	22.3	642	46.4	114	13.4	4233	39.1	23.2	38.6	37.8	41.4	35.9	1079	36.7	32.2	76.9	2815	2202.8	612.5	53	39.7	14.2	8.2	2.06933726526059	0.16	73.17073170731707
2012-08-01	24.13	41.5	33.6	4.1	13313	22.3	640	45.8	113	13.3	4244	39	23.1	38.4	38	41.2	35.9	1074	36.7	32.2	76.9	2820	2210.6	609.6	53.6	40	13.8	8.1	2.06933726526059	0.13	70.3703703703704
2012-09-01	24.26	41.5	33.7	4.2	13303	22.2	636	45.8	113	13.4	4248	39.2	23.1	38.9	38	41	35.8	1070	36.8	32.2	76.9	2822	2216.3	605.4	54.4	40	13.6	7.8	2.06933726526059	0.14	74.35897435897436
2012-10-01	24.23	41.5	33.6	4.1	13316	22.2	630	45.9	113	13.5	4260	39.3	23.2	38.6	38.2	40.9	35.8	1072	36.8	32.2	76.9	2824	2213.6	610.7	53.9	40.1	14.1	7.8	2.06933726526059	0.16	80.76923076923077
2012-11-01	24.12	41.5	33.6	4.1	13308	22.2	630	45.9	114	13.5	4267	39.1	23.1	38.6	38.3	43.1	35.9	1070	36.8	32.2	76.9	2809	2209.1	599.7	52.6	39.3	13.3	7.7	2.06933726526059	0.16	72.72727272727273
2013-01-01	24.06	41.7	33.6	4.2	13382	22.1	629	44.6	115	13.5	4331	39.6	23.1	38.7	38.1	41.2	35.9	1073	36.5	32.2	76.9	2806	2203.6	602.4	48.9	38.1	13.7	8	1.46483265562714	0.14	71.24999999999999
2013-02-01	24.1	41.9	33.8	4.4	13419	22.1	633	45.7	115	13.4	4365	39.6	23.1	38.8	38.3	42.1	35.8	1074	36.7	32.4	76.9	2806	2203.4	603	49.5	38.4	13.8	7.7	1.46483265562714	0.15	79.22077922077924
2013-04-01	24.11	41.8	33.7	4.3	13419	22	632	45.8	117	13.7	4373	39.5	23.1	38.6	38.5	41.7	35.9	1071	36.7	32.1	76.9	2794	2192.6	601.4	48.7	39.3	13.3	7.6	1.46483265562714	0.15	75.00000000000003
2013-05-01	24.09	41.7	33.7	4.3	13433	22	631	46.1	117	13.6	4400	39.8	23.1	38.8	38.5	41.9	35.9	1076	36.6	32.1	76.8	2775	2184.7	590.7	50.4	40	13.4	7.5	1.46483265562714	0.11	78.66666666666666
2013-06-01	24.06	41.8	33.7	4.3	13452	22	632	45.9	116	13.4	4422	39.5	23.1	38.8	38.4	41.9	36	1076	36.9	32.1	76.8	2771	2177.9	593.5	52.2	40.1	14.2	7.5	1.46483265562714	0.09	89.33333333333333
2013-08-01	24.29	41.9	33.6	4.4	13487	22	636	46.2	116	13.4	4445	39.5	23.1	38.7	38.4	41.8	35.9	1077	36.7	32	76.8	2754	2162	592.4	53.8	40.5	12.8	7.2	1.46483265562714	0.08	77.77777777777779
2013-10-01	24.39	41.9	33.6	4.4	13579	22	641	45.6	115	13.2	4488	39.3	23.1	38.7	38.5	41.3	35.7	1087	36.5	32	76.8	2739	2148.8	590.2	54.2	40.1	12.8	7.2	1.46483265562714	0.09	77.77777777777779
2013-11-01	24.26	42	33.7	4.4	13613	22	639	46.3	114	13.1	4510	39.7	23.1	38.8	38.5	41.6	35.8	1090	36.7	32.1	76.8	2746	2151.6	594.3	54.8	39.8	12.3	6.9	1.46483265562714	0.08	78.26086956521738
2013-12-01	24.4	41.9	33.6	4.5	13595	22	638	46.7	114	13.2	4489	38.9	23.1	38.7	38.6	41.7	35.9	1091	36.7	31.9	76.8	2741	2147.2	593.4	52.7	38.7	11.9	6.7	1.46483265562714	0.09	77.61194029850746
2014-01-01	24.33	41.6	33.5	4.4	13637	21.9	640	46.6	114	13.1	4529	39	23	38.6	38.5	42	35.7	1090	36.6	31.9	76.8	2736	2143.8	592.3	51.5	37.9	12.1	6.6	1.62222297740821	0.07	83.33333333333334
2014-02-01	24.5	41.6	33.4	4.3	13680	22	642	47	115	13.1	4541	38.5	23.1	38.5	37.8	42.2	35.9	1088	36.7	31.9	76.8	2731	2139.9	591.1	49.9	36.9	11.8	6.7	1.62222297740821	0.07	76.11940298507463
2014-03-01	24.43	42	33.7	4.5	13719	21.9	647	47.5	115	13.1	4562	39.8	23	38.7	38.5	42.2	35.9	1092	36.8	31.9	76.8	2728	2137.9	590.4	50	39.2	12.1	6.7	1.62222297740821	0.08	80.59701492537312
2014-05-01	24.56	42.1	33.7	4.6	13796	21.9	653	46.5	117	13.2	4611	39.5	23.1	38.7	38.5	42.2	35.8	1088	36.7	32	76.8	2728	2136.2	591.8	49.4	39.8	11.4	6.3	1.62222297740821	0.09	80.95238095238095
2014-06-01	24.52	42.1	33.7	4.5	13841	21.9	654	47.8	118	13.2	4629	39.5	23	38.6	38.3	42.4	35.8	1095	36.8	31.9	76.8	2729	2136.4	592.8	51.8	40.2	11	6.1	1.62222297740821	0.1	80.32786885245902
2014-07-01	24.71	42	33.7	4.4	13899	21.8	656	47.5	119	13.3	4663	39.8	23	38.6	38.5	42.4	35.8	1093	36.7	32	76.8	2731	2139	591.7	53.5	40.5	11.6	6.2	1.62222297740821	0.09	87.09677419354837
2014-09-01	24.96	42.2	33.7	4.5	13966	21.9	660	47.4	121	13.4	4708	39.8	23.1	38.6	38.4	42.1	35.8	1096	36.7	32	76.8	2735	2141.2	594.2	54.4	40.4	11	5.9	1.62222297740821	0.09	86.44067796610169
2014-10-01	24.93	42.1	33.7	4.5	14001	21.9	659	47.6	121	13.4	4719	39.7	23.1	38.5	38.4	42.8	36.1	1094	36.8	32	76.8	2735	2141.3	593.9	54.6	40.1	10.6	5.7	1.62222297740821	0.09	85.96491228070174
2015-01-01	24.87	42	33.8	4.5	14050	21.9	648	47	121	13.6	4757	39.7	23.2	38.7	38.5	42.1	35.9	1103	36.8	32.1	76.9	2745	2150	595.3	51.6	38.4	10.3	5.7	0.118627135552435	0.11	80.70175438596492
2015-02-01	24.66	42	33.8	4.3	14076	21.9	641	46	120	13.7	4780	39.8	23.2	38.8	39.2	42.7	35.8	1102	36.9	32.1	76.9	2747	2151.5	595.6	50.9	38.5	10.1	5.5	0.118627135552435	0.11	83.63636363636363
2015-03-01	25.02	41.8	33.7	4.3	14052	21.9	631	45.6	119	13.9	4761	39.5	23.2	38.6	38.8	42.9	35.8	1101	36.9	32.1	76.9	2748	2153.6	594.7	50.7	38.9	9.9	5.4	0.118627135552435	0.11	83.33333333333333
2015-04-01	25.14	41.8	33.6	4.3	14075	21.9	617	45.6	117	13.9	4798	39.4	23.2	38.6	38.6	42.4	35.8	1099	37	32.1	76.9	2763	2156.5	606.7	49.3	39.3	9.7	5.4	0.118627135552435	0.12	79.6296296296296
2015-05-01	25.18	41.8	33.6	4.3	14116	21.9	602	45.5	114	13.9	4831	39.3	23.2	38.5	38.7	42.6	35.8	1102	37.1	32	76.9	2753	2158.2	594.8	51.1	39.6	10.3	5.6	0.118627135552435	0.12	83.92857142857146
2015-07-01	25.22	41.8	33.7	4.3	14157	21.9	588	46.1	113	14	4867	39.6	23.2	38.6	38.7	42.4	35.7	1103	37.1	32.1	76.9	2756	2160.9	595.1	54.2	40.2	9.1	5.2	0.118627135552435	0.13	74.99999999999997
2015-09-01	25.15	41.7	33.7	4.2	14163	21.8	565	45.6	110	14.1	4901	39.7	23.2	38.5	38.8	42.5	35.5	1105	37.1	32.1	77	2759	2162.7	595.8	54	38.1	9.3	5	0.118627135552435	0.14	86.00000000000001
2015-10-01	25.52	41.8	33.7	4.3	14201	21.8	558	45.7	109	14.1	4935	40	23.2	38.5	38.8	42.3	35.6	1105	37.1	32.1	77	2759	2162.6	596.7	54.3	40.9	9	5	0.118627135552435	0.12	80
2015-11-01	25.43	41.8	33.7	4.2	14220	21.8	545	45.7	108	14.3	4977	39.6	23.3	38.5	38.9	42.5	35.6	1103	37	32.2	77	2766	2167.6	598.3	52.6	39.7	9.4	5.1	0.118627135552435	0.12	84.31372549019609
2015-12-01	25.47	41.8	33.8	4.2	14256	21.8	539	45.9	107	14.3	5021	40.1	23.3	38.6	38.9	42.6	35.5	1104	37.2	32.2	77	2776	2171.1	604.9	52.1	40.1	8.5	5	0.118627135552435	0.24	70
2016-01-01	25.29	41.9	33.7	4.3	14242	21.8	527	46.4	106	14.5	5007	39.8	23.2	38.5	39	42.8	35.9	1105	37.2	32.2	77	2771	2172.6	598.8	50.5	38.7	8.5	4.8	1.26158320570537	0.34	77.08333333333334
2016-02-01	25.3	41.8	33.6	4.3	14210	21.9	509	44.6	104	14.6	5008	39.6	23.3	38.6	39	42	35.6	1110	37	32.1	77	2778	2173.3	604.9	51.1	38.4	8.6	4.9	1.26158320570537	0.38	75.51020408163262
2016-03-01	25.62	41.8	33.6	4.3	14209	21.9	492	44.6	102	14.8	5039	39.3	23.3	38.5	39	42	35.5	1111	37	32.2	77	2783	2176.6	606.1	50.4	38.8	8.9	5	1.26158320570537	0.36	78
2016-04-01	25.69	41.8	33.6	4.3	14204	21.9	478	44.8	100	14.8	5053	39.6	23.4	38.7	38.8	42.3	35.5	1111	37.1	32.2	77	2785	2178.9	605.6	47.9	39.4	8.8	5.1	1.26158320570537	0.37	72.54901960784316
2016-05-01	25.85	41.9	33.6	4.2	14172	21.9	468	45	98	14.7	5051	39.4	23.4	38.6	38.9	42.2	35.6	1099	37	32.2	77	2792	2182.5	609.1	49.8	39.8	8.2	4.8	1.26158320570537	0.37	70.83333333333333
2016-06-01	26.03	41.8	33.6	4.3	14188	21.9	460	44.9	97	14.8	5056	39.7	23.4	38.7	38.7	42.5	35.6	1113	37	32.2	77.1	2797	2186.6	610.4	52	40.6	8.7	4.9	1.26158320570537	0.38	77.55102040816324
2016-07-01	26.19	42	33.6	4.3	14219	21.9	457	45.3	96	14.7	5073	39.7	23.4	38.7	38.8	42.7	35.7	1113	37	32.2	77.1	2800	2190.8	609.2	52.6	40.4	8.2	4.8	1.26158320570537	0.39	70.83333333333333
2016-08-01	26.24	41.8	33.6	4.2	14189	21.9	452	45.4	95	14.7	5073	39.4	23.4	38.6	38.6	42.7	35.7	1119	36.8	32.2	77.1	2803	2190.1	613	52.6	40.4	8	4.9	1.26158320570537	0.4	63.26530612244896
2016-10-01	26.41	41.9	33.6	4.4	14221	21.9	450	45.6	94	14.6	5120	39.8	23.4	38.8	38.6	43.4	35.7	1127	36.9	32.1	77.1	2804	2192.3	611.9	52.1	40.5	8.5	4.9	1.26158320570537	0.4	73.46938775510203
2016-11-01	26.24	41.9	33.6	4.3	14244	21.9	458	45.6	93	14.4	5135	39.9	23.5	38.7	38.5	42	35.6	1127	36.9	32.2	77.1	2798	2189.6	608.7	51.4	39.9	8.2	4.7	1.26158320570537	0.41	74.46808510638296
2016-12-01	26.24	41.9	33.5	4.3	14260	21.9	458	45.5	92	14.2	5141	39.5	23.5	38.7	38.6	43	35.8	1125	37	32.2	77.1	2815	2196.7	618.7	49.9	39	8	4.7	1.26158320570537	0.54	70.2127659574468
2017-01-01	26.2	41.9	33.5	4.1	14292	21.9	461	45.5	92	14.2	5161	39.6	23.5	38.8	38.5	43	35.9	1125	36.9	32.1	77.1	2814	2200.5	613.5	48.2	37.9	7.4	4.7	2.13011000365963	0.65	57.446808510638306
2017-02-01	26.16	41.9	33.6	4.2	14332	21.9	466	45.9	92	14	5179	39.8	23.4	38.8	38.3	42.4	35.7	1121	36.9	32.2	77.1	2813	2198	615.4	49.6	38.7	8	4.6	2.13011000365963	0.66	73.91304347826089
2017-04-01	26.28	41.9	33.7	4.3	14388	21.9	481	46.1	92	13.8	5198	39.6	23.4	38.8	38.2	42.5	35.8	1119	37	32.2	77	2802	2187.6	614.4	47.6	39.1	7.8	4.5	2.13011000365963	0.9	73.33333333333334
2017-05-01	26.53	41.9	33.6	4.3	14397	21.9	487	45.9	92	13.7	5200	39.8	23.4	38.8	38.3	42.3	35.8	1118	37.1	32.1	77	2808	2189.6	618.2	48.9	40.2	7.6	4.4	2.13011000365963	0.91	72.7272727272727
2017-06-01	26.68	42	33.7	4.3	14421	21.9	492	45.6	91	13.4	5218	39.7	23.5	38.9	38.4	42.6	35.8	1115	37	32.2	77	2805	2187.9	617.4	50.4	40.6	7.1	4.3	2.13011000365963	1.04	65.11627906976744
2017-07-01	26.89	42	33.6	4.4	14428	22	495	45.9	91	13.4	5220	39.6	23.5	39	38.3	42.8	35.7	1116	36.9	32.2	77.1	2806	2186.3	619.2	50.7	40.3	7.2	4.3	2.13011000365963	1.15	67.44186046511629
2017-09-01	27.29	41.9	33.6	4.4	14515	21.9	502	46.2	90	13.1	5257	39.5	23.4	39	38.3	42.6	35.8	1112	36.9	32.2	77	2802	2187	614.7	50.1	40.1	7.2	4.2	2.13011000365963	1.15	71.42857142857142
2017-10-01	27.09	42	33.7	4.5	14540	21.9	503	46.1	90	13.1	5266	39.7	23.4	39	38.3	42.6	35.8	1111	36.9	32.2	77	2803	2186.6	616.2	49.7	40.3	7.6	4.1	2.13011000365963	1.15	85.3658536585366
2017-11-01	26.97	42	33.8	4.4	14583	21.9	508	46.6	91	13.2	5293	40	23.4	39.1	38.3	42.4	35.7	1110	36.9	32.3	76.9	2792	2184.1	608	50.7	39.9	7.5	4.2	2.13011000365963	1.16	78.57142857142856
2018-02-01	27.23	42.2	33.8	4.7	14722	22	522	47	91	12.9	5373	40	23.5	38.9	38.5	42.7	35.7	1112	37	32.3	77	2793	2184.6	608.8	49.8	38.9	6.8	4.1	2.44258329692818	1.42	65.85365853658539
2018-03-01	27.32	42.2	33.7	4.6	14749	22	528	46.9	91	12.7	5379	39.9	23.5	39	38.4	42.8	35.8	1115	36.9	32.2	77	2793	2185.6	607.2	48.7	39.3	6.6	4	2.44258329692818	1.51	64.99999999999999
2018-04-01	27.4	42.3	33.8	4.8	14789	22	534	47.1	91	12.6	5392	40.1	23.5	38.9	38.5	43.2	35.9	1116	37	32.3	77.1	2796	2185.6	610.1	47.8	40.1	6.5	4	2.44258329692818	1.69	62.5
2018-05-01	27.5	42	33.8	4.5	14835	22.1	537	47.5	92	12.7	5428	40.3	23.6	39	38.4	42.7	35.5	1119	37	32.2	77.1	2792	2186	606.1	49	40.7	5.8	3.8	2.44258329692818	1.7	52.63157894736843
2018-06-01	27.57	42.1	33.8	4.5	14881	22.1	543	47.9	92	12.6	5438	40	23.6	39	38.5	42.7	35.4	1124	37	32.3	77.1	2796	2190.2	605.5	49.2	40.8	6.5	4	2.44258329692818	1.82	62.5
2018-08-01	27.98	42.1	33.8	4.5	14937	22.1	550	46.8	92	12.5	5468	39.8	23.7	39	38.4	42.8	35.5	1119	37.1	32.2	77.1	2801	2194.2	606.9	50.6	40.8	6.2	3.8	2.44258329692818	1.91	63.15789473684213
2018-09-01	28.21	42.1	33.7	4.5	14964	22.2	552	46.3	92	12.4	5478	39.3	23.8	38.9	38.3	42.8	35.5	1120	37	32.2	77.2	2804	2197.2	607.2	50	40.1	6.2	3.7	2.44258329692818	1.95	67.56756756756756
2018-10-01	28.27	42.1	33.7	4.5	14999	22.2	555	46.2	92	12.4	5493	39.5	23.8	38.8	38.3	42.6	35.5	1122	37	32.2	77.2	2805	2200.4	604.9	49.6	40.2	6.4	3.8	2.44258329692818	2.19	68.42105263157896
2018-11-01	28.15	42	33.7	4.5	15003	22.2	550	46.1	93	12.6	5491	39.4	23.8	38.8	38.3	42.7	35.6	1123	36.8	32.2	77.3	2809	2200.9	608.4	49.1	39.3	6.2	3.8	2.44258329692818	2.2	63.15789473684213
2018-12-01	28.24	42.1	33.7	4.5	15064	22.2	553	46.7	93	12.5	5528	40	23.8	38.9	38.2	42.6	35.5	1123	36.9	32.2	77.3	2812	2202.6	609.8	49.7	40	6.8	3.9	2.44258329692818	2.27	74.35897435897436
2019-03-01	28.24	41.7	33.7	4.4	15078	22.3	551	47.2	94	12.7	5535	39.8	23.9	38.8	38	42.5	35.5	1131	37	32.3	77.3	2815	2207	607.7	47.7	39.2	6.5	3.8	1.81221007526015	2.41	71.05263157894737
2019-04-01	28.35	41.6	33.7	4.3	15078	22.3	546	47.4	94	12.8	5559	39.7	23.9	38.7	38	42.3	35.3	1131	36.9	32.2	77.3	2822	2214.9	607.1	45.4	39.7	6.6	3.7	1.81221007526015	2.42	78.37837837837836
2019-06-01	28.4	41.6	33.6	4.2	15077	22.3	541	47.1	95	12.9	5580	39.8	24	38.7	37.9	42.3	35.5	1136	36.7	32.2	77.3	2827	2219.1	608.2	48.8	40.6	6	3.6	1.81221007526015	2.38	66.66666666666666
2019-07-01	28.57	41.5	33.6	4.2	15070	22.4	535	47.2	96	13.2	5587	39.6	24.2	38.6	37.7	42	35.1	1140	36.8	32.1	77.3	2828	2220.7	607.6	49.3	40.3	5.6	3.6	1.81221007526015	2.4	55.555555555555536
2019-09-01	28.89	41.5	33.6	4.2	15076	22.4	524	46.9	96	13.4	5610	39.9	24.1	38.7	37.9	42.3	35.6	1143	36.9	32.1	77.4	2853	2247	606.1	49.5	40.7	5.4	3.5	1.81221007526015	2.04	54.28571428571429
2019-10-01	28.88	41.4	33.6	4.1	15047	22.4	524	47.1	95	13.2	5623	39.7	24.1	38.6	37.9	42.8	35.2	1143	36.9	32.2	77.4	2839	2232.3	606.5	51.6	40.4	5.6	3.6	1.81221007526015	1.83	55.555555555555536
2019-11-01	28.71	41.4	33.5	4.1	15074	22.5	513	46.5	92	13	5617	39.4	24.2	38.6	37.9	42.9	35.1	1148	36.9	32.2	77.4	2844	2237.7	605.8	51.2	39.3	5.7	3.6	1.81221007526015	1.55	58.33333333333333
2019-12-01	28.94	41.4	33.5	4.1	15065	22.5	502	46.3	92	13.3	5622	39.5	24.2	38.5	37.9	43	35.1	1149	36.8	32.2	77.4	2842	2238.8	603.5	49.1	39.4	6.2	3.6	1.81221007526015	1.55	72.22222222222223
2020-01-01	28.72	41.4	33.6	4	15084	22.5	496	46	91	13.2	5672	39.9	24.3	38.6	38	42.8	35.1	1152	37	32.2	77.4	2852	2247.9	604.2	47.9	38.8	6.1	3.5	1.23358439630637	1.55	74.28571428571426
2020-02-01	28.87	41.7	33.7	4	15137	22.5	496	45.8	89	12.9	5709	39.5	24.3	38.6	38	43	35.2	1154	36.8	32.3	77.4	2863	2259.8	602.8	47.9	38.3	6	3.5	1.23358439630637	1.58	71.42857142857142
2020-03-01	28.97	41.3	33.4	3.9	14936	22.5	478	45.4	89	13.2	5598	39.5	24.3	38.4	37.9	42.6	35.3	1151	36.7	32.2	77.4	2879	2277.8	601.5	46.7	38.9	6.8	4.4	1.23358439630637	0.65	54.54545454545452
2020-05-01	28.9	39.4	34.1	3.1	13537	22.4	420	43.9	88	14.6	5155	39.4	23.9	37.6	37.9	41.9	35.9	1031	37	32.1	76.8	2877	2273.5	603	44	39.8	16.7	13.3	1.23358439630637	0.05	25.563909774436077
2020-06-01	29.2	39.9	33.9	3.3	14069	22.5	422	44.3	87	14.6	5321	39.3	24.2	37.9	38.1	42.2	36.1	1043	36.9	32.4	77.2	2876	2271.5	604.1	45.2	40.1	15.3	11.1	1.23358439630637	0.08	37.83783783783785
2020-07-01	29.37	40.7	34	3.7	14149	22.5	421	44.3	86	14.5	5374	39.3	24.3	38.1	38.6	42.5	35.9	1029	37.1	32.6	77.3	2897	2305.3	591.5	46.1	39.9	14.4	10.2	1.23358439630637	0.09	41.176470588235304
2020-08-01	29.62	41.1	34	3.8	14163	22.7	421	44.9	86	14.6	5378	39.2	24.4	38.2	38.2	42.9	36.8	1043	37	32.6	77.1	3153	2549	603.6	45.9	40.2	12.8	8.4	1.23358439630637	0.1	52.38095238095237
2020-09-01	29.34	41.2	34.1	3.8	14192	22.6	422	45	85	14.4	5380	39.3	24.4	38.5	38.3	43.1	36.2	1062	37.3	32.8	77.2	3117	2513.9	603	45.6	37.6	12	7.8	1.23358439630637	0.09	53.846153846153854
2020-10-01	29.55	41.3	34.2	3.9	14242	22.6	421	45.2	86	14.5	5415	39.1	24.4	38.5	39.2	42.6	36.5	1060	37.3	32.8	77.2	2975	2372.1	602.8	46.3	39.8	10.8	6.9	1.23358439630637	0.09	56.52173913043479
2020-11-01	29.54	41.3	34.2	4	14301	22.6	428	46	83	13.9	5432	39.3	24.5	38.5	39	42.6	37.3	1058	37.3	32.8	77.3	2888	2283.7	604.2	45.7	39.1	10.3	6.7	1.23358439630637	0.09	53.73134328358209
2021-01-01	29.49	41.6	34.4	4.1	14332	22.6	427	46.3	81	13.6	5447	40.2	24.5	38.9	38.9	42.6	36.5	1070	37.5	32.9	77.3	2876	2268.6	607.8	46.4	39.2	9.2	6.3	6.8	0.09	46.031746031746025
2021-02-01	29.52	41.4	34	4.2	14330	22.8	433	45.4	82	13.7	5413	38.6	24.5	38.5	38.6	42.6	36.5	1067	37.4	32.6	77.3	2882	2270	611.6	46.2	37.5	9.9	6.2	6.8	0.08	59.677419354838705
2021-03-01	29.69	41.7	34.4	4.1	14472	22.7	443	46.9	85	13.9	5515	40.1	24.4	38.9	38.9	42.7	36.2	1066	37.4	32.7	77.1	2888	2276.9	611.4	44.3	39.6	9.6	6	6.8	0.07	59.999999999999986
2021-04-01	30.13	41.6	34.3	4.1	14375	22.7	447	47	84	13.6	5460	39.7	24.5	38.9	39.1	42.7	36.7	1074	37.4	32.6	77.2	2891	2276.1	614.9	41.5	39.7	9.7	6.1	6.8	0.07	59.01639344262295
2021-07-01	30.68	41.5	34.2	4.1	14606	22.7	472	46.6	83	13	5517	39.4	24.4	39.1	38.6	42.6	36.9	1087	37.4	32.7	77.3	2883	2276.1	606.4	45.5	39.9	8.2	5.4	6.8	0.1	51.85185185185184
2021-08-01	30.97	41.4	34.1	4.1	14633	22.8	480	46.5	83	12.9	5504	39.4	24.4	38.9	38.5	42.7	37.3	1100	37.3	32.6	77	2884	2278.4	605.3	45.7	40.2	8.8	5.2	6.8	0.09	69.23076923076923
2021-09-01	31.03	41.4	34.2	4.1	14670	22.8	481	47.3	83	12.9	5527	41	24.4	39.1	38.3	42.3	36.3	1093	37.4	32.6	77	2882	2274.6	607.3	43.9	39	7.9	4.8	6.8	0.08	64.58333333333334
2021-10-01	31.19	41.2	34.1	4	14729	22.8	483	46.9	82	12.7	5532	39.4	24.5	39.2	38.4	41.9	36.3	1098	37.4	32.6	77	2877	2272.7	604.2	43.4	40	7.9	4.6	6.8	0.08	71.73913043478264
2021-11-01	31.13	41.3	34.1	4.1	14783	22.8	484	47.1	83	12.9	5549	39.7	24.5	39.1	38.3	41.6	36.4	1103	37.4	32.5	77	2879	2270.4	608.9	43.2	39.5	6.7	4.2	6.8	0.08	59.52380952380951
